Title: ,,,,,,,,,,,,,,,,,,,,,,,,,,,,,,,,,,,,,,,,,,,,,,,,,,,,,,,,,,,,,,,,,,,,,,,
Timeframe: 2010 - 2019,,,,,,,,,,,,,,,,,,,,,,,,,,,,,,,,,,,,,,,,,,,,,,,,,,,,,,,,,,,,,,,,,,,,,,,
Location,2010__White,2010__Black,2010__Hispanic,2010__Asian/Native Hawaiian and Pacific Islander,2010__American Indian/Alaska Native,2010__Multiple Races,2010__Total,2011__White,2011__Black,2011__Hispanic,2011__Asian/Native Hawaiian and Pacific Islander,2011__American Indian/Alaska Native,2011__Multiple Races,2011__Total,2012__White,2012__Black,2012__Hispanic,2012__Asian/Native Hawaiian and Pacific Islander,2012__American Indian/Alaska Native,2012__Multiple Races,2012__Total,2013__White,2013__Black,2013__Hispanic,2013__Asian/Native Hawaiian and Pacific Islander,2013__American Indian/Alaska Native,2013__Multiple Races,2013__Total,2014__White,2014__Black,2014__Hispanic,2014__Asian/Native Hawaiian and Pacific Islander,2014__American Indian/Alaska Native,2014__Multiple Races,2014__Total,2015__White,2015__Black,2015__Hispanic,2015__Asian/Native Hawaiian and Pacific Islander,2015__American Indian/Alaska Native,2015__Multiple Races,2015__Total,2016__White,2016__Black,2016__Hispanic,2016__Asian/Native Hawaiian and Pacific Islander,2016__American Indian/Alaska Native,2016__Multiple Races,2016__Total,2017__White,2017__Black,2017__Hispanic,2017__Asian/Native Hawaiian and Pacific Islander,2017__American Indian/Alaska Native,2017__Multiple Races,2017__Total,2018__White,2018__Black,2018__Hispanic,2018__Asian/Native Hawaiian and Pacific Islander,2018__American Indian/Alaska Native,2018__Multiple Races,2018__Total,2019__White,2019__Black,2019__Hispanic,2019__Asian/Native Hawaiian and Pacific Islander,2019__American Indian/Alaska Native,2019__Multiple Races,2019__Total,Footnotes
United States,20971200,6559600,15289300,2224600,587300,903500,46535500,20496800,6403700,15014700,2267100,545000,923100,45650400,19924900,6289300,14854000,2280200,556100,910500,44815000,19511600,6304700,14854800,2248800,553200,933200,44406400,15467200,5040300,12543900,1671000,462400,738300,35923200,12087900,4109100,10612400,1285500,414800,607900,29117600,10962600,3612600,10005100,1114900,4.00E+05,589400,26684600,11308200,3782600,10099700,1144800,399300,634700,27369400,11525100,3901100,10279600,1095300,399300,668600,27868900,11899000,3877900,10891700,1180600,404100,688900,28942300,1
Alabama,366300,208900,86800,10400,3600,8700,684800,354600,207200,78700,6600,3400,8200,658600,330700,206300,64800,7600,4300,8800,622600,346400,205600,70000,6900,N/A,9000,640500,308600,176900,56900,8900,2100,7800,561200,263500,146400,52900,5200,N/A,9000,478300,226000,138600,51600,6400,N/A,7700,432600,247300,134100,52100,7300,N/A,7200,448800,251300,153200,57900,5300,N/A,10500,480900,250400,137500,53600,5600,N/A,7200,456100,
Alaska,58400,2500,8300,9500,32900,10900,122700,64100,N/A,7100,11600,38800,14400,138900,69400,N/A,8600,13100,36200,13000,142300,64400,4200,6900,8000,34000,13200,130700,50300,N/A,14100,8500,34600,10700,122400,46500,N/A,5700,5400,28200,12900,102000,45700,N/A,6400,9800,31600,7400,102700,42900,N/A,3800,11200,24600,12300,97800,40500,N/A,5300,4800,23400,7500,84500,31800,N/A,9300,N/A,21500,10200,79000,
Arizona,397200,33400,506900,21000,77500,16200,1052100,393300,42800,523100,29100,68300,20000,1076600,410500,39000,539400,26700,70400,19300,1105400,407000,45800,539300,29500,71100,21100,1113700,308600,27100,446000,22700,63300,17700,885300,235300,19900,380600,14000,62600,12300,724700,200900,21600,360100,16900,54100,12900,666500,229000,21400,352300,11300,52600,11500,678100,230900,30600,382400,15000,60200,14600,733800,243200,30700,405000,19600,65100,15000,778600,
Arkansas,319800,88800,65700,8400,4400,8200,495200,322400,76100,59500,12900,1900,9600,482500,316100,80700,55200,7500,3900,4400,467800,297000,82100,64800,6200,3200,9000,462300,213500,54100,59500,N/A,N/A,5300,338200,160800,41300,53200,5600,2400,5100,268500,140200,28000,47700,5400,2200,6200,229600,127900,30800,53800,7800,N/A,9900,232000,133400,37900,53200,5200,N/A,8800,240000,155100,35400,56900,6300,4600,5500,263800,
California,1525100,310100,4010200,713100,32500,121800,6712900,1559400,300800,3890800,720700,30800,130300,6632800,1524500,314600,3865500,705800,34400,140100,6584900,1424600,299300,3777400,701000,26800,128900,6358000,1026100,187600,2869200,459900,22200,99600,4664600,661100,129100,2053700,306500,15600,51600,3217700,528100,117000,1811500,257100,13900,59300,2786800,549000,113400,1747000,257000,13600,58000,2738100,560500,114400,1730000,233000,13700,63400,2715000,553300,113500,1925700,276200,16100,62100,2946900,
Colorado,395500,33800,301300,23100,6000,14100,773700,394600,31800,282000,28400,5500,13800,756000,370100,30100,287300,19800,6200,16200,729600,373500,27300,275200,16500,7000,12200,711600,267200,20100,226700,13900,4000,12000,543900,197200,13800,187600,13900,5700,8100,426300,186000,12500,188100,11600,3400,6900,408400,193000,15600,171600,8900,5400,10500,405000,199700,17100,180200,9300,2200,10300,418700,213100,16300,176100,13300,3600,10800,433200,
Connecticut,140600,41400,101500,15400,N/A,10000,309300,137300,34600,1.00E+05,14900,N/A,6700,294100,149400,45800,102000,14500,N/A,5100,318400,158700,43500,98400,14200,N/A,7000,322200,108300,29400,86200,10000,N/A,5700,239700,77300,25100,88300,9100,N/A,6400,207400,66600,19200,66200,8500,N/A,5600,166700,75100,22300,78900,8400,N/A,6800,192300,70600,22300,75300,8500,N/A,4500,181400,83900,21400,78000,8400,N/A,9400,201200,
Delaware,47700,16000,16800,N/A,N/A,N/A,87100,40600,14700,18800,N/A,N/A,1500,77600,38000,14300,16300,4200,N/A,N/A,74100,48000,17400,16900,6000,N/A,N/A,89200,34300,12700,15500,N/A,N/A,N/A,66800,25100,9800,12900,1400,N/A,N/A,49600,23400,10900,13400,N/A,N/A,N/A,51600,20800,11000,15200,N/A,N/A,N/A,50600,24000,9400,15900,N/A,N/A,N/A,52800,28700,15000,14500,N/A,N/A,N/A,61800,
District of Columbia,9200,24600,8200,N/A,N/A,N/A,43400,8800,23800,9600,N/A,N/A,N/A,44100,4500,19300,7000,N/A,N/A,N/A,32900,7000,21500,6800,N/A,N/A,N/A,38600,4800,15600,10600,N/A,N/A,N/A,34000,4100,10900,7400,N/A,N/A,N/A,23500,3200,12900,8200,N/A,N/A,N/A,25500,5400,9800,5700,N/A,N/A,N/A,23600,2300,12800,4300,N/A,N/A,N/A,20700,3100,14100,4800,N/A,N/A,N/A,23400,
Florida,1574200,699600,1425700,104200,9600,64600,3877900,1584700,684000,1396700,96700,10300,63700,3836000,1476300,682400,1389400,108800,11600,57700,3726200,1516100,682700,1410400,102100,12400,60900,3784700,1288900,548500,1188100,83400,8500,50100,3167400,1027900,473100,977100,65600,5900,52900,2602500,972600,418000,957600,57300,6300,60100,2471900,1026200,462400,1000600,59900,6500,49500,2605300,1052000,477400,1027600,62600,9000,62000,2690700,1053000,478400,1035600,67100,6800,66800,2707700,
Georgia,741500,607700,396100,78000,4200,25200,1852700,766400,595300,378200,84800,4700,29700,1859200,724700,577500,358600,77200,N/A,34700,1778100,717700,600500,375300,81000,N/A,32400,1810000,603000,513800,331900,58200,2200,26000,1535200,537400,439700,316600,44700,3200,24200,1365800,517800,395200,301700,43900,2000,20100,1280800,516400,423500,315200,50800,3100,34500,1343600,558400,434200,323800,47700,N/A,30200,1395600,538200,425300,330700,38300,N/A,29000,1365100,
Hawaii,26800,N/A,9100,42700,N/A,17400,96700,27300,N/A,10200,35300,N/A,19300,93800,22200,N/A,9400,39400,N/A,13800,86200,23400,N/A,7500,39600,N/A,19700,91600,15400,N/A,8400,28600,N/A,11500,64500,12800,N/A,7600,21200,N/A,8700,51100,8900,N/A,6800,21700,N/A,7800,46600,11100,N/A,5700,23000,N/A,9600,49800,8300,N/A,9300,22700,N/A,9100,50700,12500,N/A,6500,26400,N/A,7600,53200,
Idaho,203300,2800,55000,4500,4900,3900,274400,176500,N/A,54600,N/A,5400,3300,242300,177900,N/A,58100,3400,4800,5500,250100,185100,N/A,53400,N/A,4000,5900,253300,139900,N/A,60200,N/A,3400,3600,212900,122700,N/A,47300,N/A,4900,N/A,181900,111000,N/A,47900,N/A,4600,2600,169000,120700,N/A,47200,1800,3600,N/A,179900,131500,N/A,48800,2500,2800,5000,191100,127200,N/A,43600,N/A,4100,3900,182300,
Illinois,734200,335400,557700,88700,2700,19200,1737800,662100,318600,524900,76900,N/A,21200,1605400,673200,307300,524900,81500,2000,24200,1613000,632200,308000,530400,79000,N/A,23400,1575400,481700,217900,437900,62800,N/A,17600,1219600,315300,134800,369900,47300,N/A,7900,875400,299600,115400,330100,38600,N/A,13200,798500,318100,123700,341500,34900,N/A,17100,835900,328600,141700,329900,45300,N/A,16100,862200,355400,147700,331000,41300,N/A,15000,891000,
Indiana,685500,109600,108600,15000,3700,17000,939300,659200,109800,114300,14000,N/A,17600,917400,651300,103600,120300,20400,N/A,18200,916000,634700,100500,114400,24800,2200,19100,895800,541900,91400,96200,19500,N/A,15400,765900,427300,69800,102800,13400,2300,13300,629000,357500,49600,86600,8700,1400,10100,513800,356800,63700,90700,10500,N/A,14000,537100,352700,67600,93700,14000,N/A,13000,541900,386500,61700,85500,13500,N/A,15900,564800,
Iowa,205300,14200,41000,6400,N/A,5900,274600,204500,11300,37700,5100,2400,2800,263900,189600,11600,34500,7700,2000,4400,249900,202600,13800,32000,4600,N/A,6100,261100,133000,11000,22400,N/A,N/A,N/A,171900,97400,10900,25900,7900,N/A,2300,146100,86000,5500,24500,N/A,N/A,N/A,121800,91500,4300,21000,9000,N/A,N/A,131200,98900,17800,23500,N/A,N/A,3000,149800,95300,8700,27300,4400,N/A,N/A,142600,
Kansas,236700,28700,87100,10500,4400,10600,378000,210500,24800,85000,10600,3500,15500,349900,216100,22700,87300,8300,5500,12900,352900,208800,28400,84200,9000,2700,11900,345000,171900,24300,82700,5700,4900,7800,297200,136400,25600,77300,10300,3200,7500,260300,129600,25100,65500,5300,1600,7300,234300,141300,16300,63400,7600,N/A,8500,238800,139900,16900,73500,6400,1500,4500,242800,135400,23500,77700,6100,2000,12700,257400,
Kentucky,518100,57000,47500,10000,N/A,9700,643700,491200,68200,40600,4900,N/A,7800,613100,464300,56600,37200,9600,N/A,10500,579500,488600,54700,47000,7800,N/A,14100,614500,279800,38400,41000,6100,N/A,6700,372100,192900,18000,34100,7200,N/A,5700,258800,164800,17400,30200,4400,N/A,N/A,218900,168800,21700,30200,7300,N/A,5400,233600,173400,18600,36200,4400,N/A,5400,238400,206800,25700,31000,5300,N/A,4300,273300,
Louisiana,374500,303900,70500,16700,4800,9500,779800,364500,300800,74600,22500,7400,6400,776300,346100,291500,67900,18600,3600,11700,739400,343900,295200,79900,16400,4500,9700,749600,294800,258800,70900,13000,5000,8100,650500,253000,208700,60000,9200,4000,9800,544600,209800,161300,68200,8300,4100,7600,459400,172900,121200,60900,7300,3800,7800,373800,168000,106200,61800,7600,N/A,7900,354000,185200,123700,62900,13900,N/A,7900,394600,
Maine,130300,N/A,1800,N/A,2000,1700,138300,136200,800,2100,N/A,N/A,N/A,143900,123600,N/A,N/A,N/A,N/A,N/A,133600,130500,N/A,3600,N/A,N/A,3300,143100,119400,N/A,N/A,N/A,N/A,3200,126700,100500,N/A,3000,N/A,1300,2500,110300,92700,N/A,2900,N/A,N/A,N/A,101800,92300,N/A,N/A,N/A,N/A,N/A,101600,90800,N/A,N/A,N/A,1300,3100,101900,92300,N/A,2000,N/A,N/A,4900,104800,
Maryland,209000,205300,159100,41600,N/A,13000,629100,197000,181200,143700,38500,N/A,12900,575100,187400,173300,165800,38700,N/A,12100,577500,186500,175800,150400,49800,N/A,11900,576600,139100,128300,145500,28100,N/A,8300,450000,98000,117900,127700,25900,N/A,10400,380600,104600,97300,121300,18100,N/A,7900,350000,97000,96900,136900,18600,N/A,6200,356100,81600,108400,128700,16700,N/A,6700,342300,88500,93400,125800,21200,N/A,9600,338900,
Massachusetts,161000,27500,60300,12100,N/A,13100,274700,148600,28900,59000,15400,N/A,10000,262900,146800,29700,49000,11600,N/A,9600,247000,138900,27000,54300,12000,N/A,9300,241700,120600,28400,48000,11400,N/A,8100,216800,98900,21400,39400,15500,N/A,5700,181500,87900,17300,36000,11800,N/A,5500,159600,92400,21300,40800,13600,N/A,10100,178500,96100,19000,42100,11800,N/A,7700,177800,111500,23000,44500,11200,N/A,7000,198200,
Michigan,832500,208200,96000,27400,6900,27200,1198200,770100,220000,86900,32800,9400,22600,1141800,756600,208800,83100,25100,9900,29700,1113100,696900,217200,87100,28700,8600,25700,1064200,536200,146700,72600,29100,7300,19200,811100,382100,100000,63800,20000,2900,11100,579800,335000,84000,57500,19100,3900,12400,511800,320700,83000,57000,12200,5800,13800,492400,352300,82800,55300,12300,5100,13100,520900,372900,80100,63700,15400,6400,18100,556600,
Minnesota,303200,47300,60100,21800,10800,19200,462300,291100,39200,71000,25300,10500,15000,452000,274100,35400,78200,22800,11700,12400,434700,267600,45600,71300,27900,14900,9300,436600,183100,31700,68400,15800,9100,6400,314600,127400,21200,56300,16700,8700,7800,238000,127700,20700,50500,9500,10300,8000,226700,137400,22600,48600,12400,10300,10500,241700,130400,20000,50400,16000,10400,8200,235300,153300,35100,44700,15100,6400,8000,262600,
Mississippi,241500,229400,32600,6200,3800,4200,517800,238300,222900,30700,8700,2900,2800,506300,232900,219700,23300,7300,4600,4100,491800,228700,217900,26100,7400,5500,5000,490800,203600,177000,24100,4000,2600,4200,415500,180400,142500,26100,4700,2100,3800,359700,159700,145200,21800,2600,2700,5600,337600,170600,144900,20900,5100,3000,2400,346800,166000,151300,22900,4400,1700,5500,351800,180200,145800,27700,5700,4000,5000,368500,
Missouri,545700,130200,59200,12600,3800,15500,767100,565700,121000,64800,14600,3900,23100,793100,580500,126400,64800,15100,6200,13600,806500,538500,126600,60300,14900,3100,17800,761100,471300,114300,55700,15000,4000,16300,676700,415400,84200,46300,13100,2300,8400,569700,373100,73300,51500,12100,4300,12000,526200,369800,83900,41300,17800,4200,15300,532300,394600,79100,48700,8400,4100,17000,551900,436000,77400,54600,9900,2900,14700,595500,
Montana,124500,N/A,6300,N/A,25500,4200,162500,134500,N/A,7300,N/A,31000,4400,181300,139200,N/A,6700,N/A,25300,5700,178600,121000,N/A,7400,N/A,29800,4500,164500,95600,3100,8700,N/A,24400,N/A,135900,84600,N/A,4600,N/A,22700,3400,116000,61000,N/A,5400,N/A,15000,N/A,84600,64700,N/A,4400,N/A,17000,4200,91800,64800,N/A,N/A,N/A,13300,N/A,83600,60400,N/A,3800,N/A,18600,N/A,86000,
Nebraska,132900,10900,51400,2500,4300,7700,209500,133600,14800,49500,5300,5100,4800,213100,117800,16700,51900,3800,4800,N/A,199100,120500,15800,43000,4100,4800,4900,193200,103500,10200,46400,N/A,4100,4300,169800,86900,12700,35500,N/A,4400,N/A,143200,93000,14700,45000,N/A,3300,3800,162400,91200,11100,44500,3700,2900,4500,157900,92000,8100,42300,4200,2700,7800,157000,76600,15400,43000,4900,3600,4700,148200,
Nevada,235100,45700,252400,37600,8800,14400,594100,214800,42900,261800,40200,7000,12800,579600,212500,50100,264100,37600,8500,18100,590900,209900,48400,237100,40900,7200,12600,556100,143300,28600,201400,31300,5000,11000,420600,103700,23200,179300,24000,3700,7400,341200,93500,21000,168900,20100,4100,7300,315000,102900,25200,158100,21600,4400,8900,321100,96500,27900,171500,19000,6100,10700,331700,103200,21200,180500,25700,2500,9100,342200,
New Hampshire,124000,1500,9500,3900,N/A,3600,142700,111600,2600,7500,N/A,N/A,N/A,127900,126500,N/A,6000,N/A,N/A,3800,142300,122000,N/A,6500,5800,N/A,3300,139500,103500,N/A,10100,N/A,N/A,N/A,119800,74600,N/A,5600,N/A,N/A,N/A,88700,72700,N/A,N/A,N/A,N/A,N/A,82100,61700,N/A,4100,N/A,N/A,N/A,73100,56500,N/A,6600,2800,N/A,N/A,67700,65100,2500,10100,4500,N/A,N/A,84000,
New Jersey,384500,151900,455800,105800,2600,21300,1121900,380900,155200,444700,96000,N/A,26700,1103700,359700,161000,438600,107100,N/A,22600,1089600,378200,169900,478400,92600,N/A,27800,1147400,294800,137200,401900,88200,N/A,23000,946300,215100,103200,345600,76100,N/A,15400,756400,170400,87200,338300,51200,N/A,12700,660200,184400,93900,320500,48700,N/A,11100,659200,174700,87200,307100,43400,N/A,18600,631900,181300,97800,334400,44100,N/A,18500,676200,
New Mexico,94000,6600,216300,3900,75000,3600,399400,92900,2800,230000,4300,67000,5800,402700,93400,5500,208500,3700,65300,2500,378800,82900,7100,222000,3700,66300,5700,387700,65500,3600,167300,4400,53600,2300,296700,49500,N/A,120300,N/A,40400,N/A,218300,35500,N/A,102000,N/A,37400,2000,180600,40500,N/A,99000,N/A,37800,2600,182100,34800,2900,112700,N/A,34000,N/A,188400,42200,N/A,108700,1900,39100,N/A,196900,
New York,823500,369400,751800,229300,11200,48700,2233900,791300,351600,735300,218500,7600,46400,2150700,731700,319900,716900,242800,6600,48500,2066400,748000,318400,707800,218700,8400,46500,2047800,570400,246000,597600,177200,4200,41400,1636700,451200,219400,498300,139200,4000,33400,1345500,384500,178000,420600,129800,3800,27900,1144600,367200,168400,403900,117800,3800,24800,1086000,332700,149500,374600,96900,5000,25200,983900,322300,149000,370300,102000,4100,26400,974000,
North Carolina,751600,373000,340600,38300,28900,29100,1561500,734400,362100,347200,38700,24700,23400,1530600,745700,364700,347600,49200,21600,23100,1551800,694000,368200,327600,43300,21400,28800,1483400,604900,293000,298300,26900,18000,21600,1262700,500700,232900,298600,25300,16400,20000,1094000,468000,225400,264900,27200,19300,17700,1022400,498700,227300,276000,22700,16700,19400,1060900,507600,227600,281000,23800,18300,22700,1081000,528400,249000,304400,24800,16100,26200,1148900,
North Dakota,46000,N/A,N/A,N/A,13500,N/A,64800,44900,N/A,3300,N/A,14000,1800,65000,49900,3200,4300,N/A,10800,N/A,71500,48800,N/A,3200,N/A,12700,N/A,71600,34700,N/A,N/A,1200,12000,N/A,57200,35900,N/A,4800,N/A,10700,N/A,59400,32500,5100,6300,N/A,11700,N/A,56800,34500,N/A,4300,N/A,10600,N/A,54100,32500,7000,N/A,N/A,10200,N/A,55600,31700,N/A,4200,N/A,9100,N/A,53000,
Ohio,1029200,213700,87300,23600,2700,21500,1378000,1.00E+06,214300,86000,22100,2400,29300,1354000,941900,224200,79200,25000,2100,24800,1297200,896800,192300,80400,28300,1900,31800,1231400,675500,154300,63900,15700,N/A,26600,938400,514000,110300,60400,19000,N/A,18500,723700,446000,89700,59100,9500,N/A,17300,622500,457800,99400,62400,10100,N/A,20800,651600,507000,119100,61300,16500,N/A,22000,728000,524300,114700,71000,15200,N/A,23500,749900,
Oklahoma,383100,48500,124900,12200,73900,54200,696800,358000,57600,123400,10100,73000,58100,680200,344500,48100,129800,15700,86100,51200,675400,335000,54500,122500,10800,83900,51100,657800,286000,49400,100900,10600,73300,49100,569400,254900,45000,109700,6600,68000,50200,534400,243900,40700,104700,8100,76200,47000,520600,247700,40300,99900,11700,80600,47300,527600,247000,40000,98100,6900,77400,48200,517700,280900,40400,114800,9500,75300,46000,566900,
Oregon,426800,12500,148700,23400,11400,18700,641500,391000,11000,133300,27400,11100,15400,589200,370700,11400,127100,18800,9000,17100,554100,375500,8700,135600,23400,6800,18900,569000,239100,6000,100700,16900,5200,12100,380100,158400,4400,86100,11300,5100,9700,274900,143700,N/A,74200,9100,4700,7500,243600,159600,4200,83900,10200,4500,10100,272500,170900,5400,88400,12100,4900,10500,292200,170200,6000,89400,9300,4900,9100,288800,
Pennsylvania,849400,183800,143800,45300,N/A,25000,1248900,840200,175600,146000,51100,2000,25300,1240200,794400,180800,145900,48100,N/A,19100,1190300,761200,193100,146800,60900,N/A,21500,1184500,686700,170100,148000,35300,N/A,15200,1057200,491500,121200,113500,31800,N/A,14100,773200,460600,90000,120100,23900,N/A,16000,711500,440000,86300,108500,27000,N/A,13200,676100,449200,90900,109300,22400,N/A,13000,685300,455200,81200,117100,27600,N/A,16000,697800,
Rhode Island,69800,8900,35700,4600,N/A,1700,121000,66000,7800,27700,4100,N/A,3900,110200,61600,8400,34800,6100,N/A,3200,114300,61200,9000,41600,4200,N/A,3100,120000,34800,6700,23500,4200,N/A,2200,71400,24100,4200,19800,N/A,N/A,N/A,51700,20200,3300,16100,N/A,N/A,N/A,42400,18300,3900,18000,N/A,N/A,2500,45300,21000,N/A,14400,N/A,N/A,N/A,40200,18900,3300,16200,N/A,N/A,N/A,42300,
South Carolina,401600,258600,102200,11300,2400,10700,786900,389700,242900,95500,15200,2200,15700,761200,411000,226100,93000,11600,3700,11000,756400,376400,224100,96900,13400,2900,12300,725900,328600,190900,89400,11000,1500,10700,632000,266500,146900,76100,8900,1400,9800,509700,245200,130000,79500,8400,N/A,8800,473200,276200,164300,78000,9000,2100,9800,539300,263300,148500,76700,9800,N/A,13500,514800,275200,150400,87600,11000,N/A,9000,534500,
South Dakota,55500,N/A,2500,N/A,28800,3600,93100,57200,N/A,7000,N/A,21400,N/A,91700,54800,N/A,5600,N/A,20600,2100,85500,59000,N/A,8900,N/A,27000,4100,101100,44300,N/A,5700,N/A,26400,3400,81700,48600,N/A,7600,N/A,22900,N/A,92800,37300,2000,5000,N/A,22600,N/A,69000,42600,N/A,5100,N/A,23600,N/A,77200,39600,N/A,6200,N/A,26200,N/A,78600,47900,N/A,5900,N/A,20300,N/A,80900,
Tennessee,565500,171900,114400,15300,3000,16400,886500,586300,178900,123900,12900,2200,19500,923700,559600,157700,115700,18300,3600,15200,870100,555300,163400,123900,19400,4000,12800,878900,475300,135900,110400,16700,2900,14300,755500,390300,132200,108800,10500,N/A,12200,655600,353500,105900,106900,10700,N/A,8900,587600,374100,113300,102000,11800,N/A,9300,611200,401600,133800,103200,12500,2000,13000,666100,391300,118700,134300,9700,N/A,14700,671200,
Texas,1548000,597700,3399200,190600,16800,63100,5815400,1502500,571900,3354900,218800,11300,61500,5720900,1495900,568200,3300600,207500,10600,64000,5646700,1443000,561200,3343700,197800,9300,68400,5623400,1229500,464900,3041400,158400,7300,54500,4956000,1061400,444100,2799800,133600,9600,52200,4500600,1070400,426900,2777300,132600,10700,51100,4469000,1129400,476900,2923300,143600,14700,56400,4744300,1190500,479700,3001700,149400,9000,60300,4890600,1217000,484700,3210000,152700,13700,63400,5141500,
Utah,253100,4800,133800,11000,9100,8500,420400,239300,4800,144700,11200,8800,6300,415100,217100,4800,140400,11900,7600,8600,390500,227100,3300,120000,14000,8400,6600,379300,204900,N/A,125500,11000,5500,4400,356700,169400,3400,110800,11800,11000,4100,310500,141100,N/A,89400,9300,6100,5200,253200,150100,2200,103600,6900,5900,4300,273000,144900,6300,100200,10800,7800,7100,277000,162800,8200,100400,10700,10600,7900,300500,
Vermont,44400,N/A,N/A,N/A,N/A,N/A,46900,37800,N/A,N/A,N/A,N/A,N/A,43400,34600,N/A,N/A,N/A,N/A,N/A,39900,39300,N/A,N/A,N/A,N/A,1300,41800,25600,N/A,N/A,N/A,N/A,N/A,27700,22300,N/A,N/A,N/A,N/A,N/A,23800,19600,N/A,N/A,N/A,N/A,N/A,21400,23500,N/A,N/A,N/A,N/A,N/A,24700,19900,N/A,N/A,N/A,N/A,N/A,23200,21900,N/A,2200,N/A,N/A,N/A,26400,
Virginia,452100,237600,204600,65500,2600,22500,985000,435500,235000,200200,66000,3200,25100,965200,451100,231700,190300,77200,2600,23000,975800,436800,228500,215000,65400,2200,24300,972300,376100,206800,189400,62900,N/A,20800,859000,340100,172600,159200,45600,1500,21400,740400,311900,139700,188300,40200,N/A,25300,706000,313000,161000,175200,36200,N/A,18000,705600,300200,154100,183100,35100,N/A,21600,695600,268300,128000,192400,37300,N/A,17200,644100,
Washington,540100,34700,222700,75300,21300,37000,931100,526100,40400,240100,77500,18300,33800,936200,514200,38800,239000,72800,20000,36100,920800,541000,36500,240800,77700,22700,34000,952700,340000,17700,173700,49600,15600,27200,623800,218000,16800,157000,31400,13500,15100,451700,196500,15500,144700,30200,11300,19300,417600,207500,17700,153400,27000,8300,19500,433400,213600,26200,173900,33800,11600,16100,475300,221300,23100,172900,36600,9400,16500,479800,
West Virginia,239700,9000,5300,2200,N/A,4600,261100,253700,13400,3100,1700,N/A,5100,277700,235300,10900,3300,2000,N/A,3500,255000,222400,7600,7800,N/A,N/A,3300,242200,145300,6700,2800,N/A,N/A,3400,159100,90000,5200,N/A,N/A,N/A,N/A,98000,76300,6200,2900,N/A,N/A,N/A,87200,91400,3300,N/A,N/A,N/A,N/A,100800,94900,5900,2200,N/A,N/A,N/A,106600,103200,4700,3600,N/A,N/A,N/A,113700,
Wisconsin,351800,45200,91500,15800,13600,11000,528900,339700,48200,83000,18300,9500,9800,508500,338400,47200,88800,16900,10000,10000,511400,334100,45100,84600,17200,8100,11700,500700,261400,37900,80100,17700,10300,7200,414500,197500,26500,73700,9300,8100,7100,322200,180400,25900,59300,10200,8100,6600,290400,188800,22000,49600,12700,8600,5200,286800,188500,29000,63700,14300,9800,5500,310800,188600,28200,83200,12000,6100,6700,324900,
Wyoming,62400,N/A,12700,N/A,4000,N/A,80300,65900,N/A,13600,N/A,2300,N/A,84800,66700,N/A,14700,N/A,3500,2500,89000,54900,N/A,9400,N/A,4700,N/A,72200,52800,N/A,11300,N/A,3800,N/A,70000,42100,N/A,11600,N/A,3900,N/A,59000,46800,N/A,9000,N/A,4800,N/A,61700,48300,N/A,15000,N/A,3600,N/A,69100,44000,N/A,8800,N/A,4100,N/A,59200,48000,N/A,12700,N/A,5100,N/A,68900,
Puerto Rico,1600,N/A,293300,N/A,N/A,N/A,296200,3200,N/A,273800,N/A,N/A,N/A,279300,N/A,N/A,254200,N/A,N/A,N/A,258600,1600,N/A,225400,N/A,N/A,N/A,228900,2300,N/A,205600,N/A,N/A,N/A,209300,N/A,N/A,185800,N/A,N/A,N/A,190700,2000,N/A,205800,N/A,N/A,N/A,209800,N/A,N/A,217600,N/A,N/A,N/A,220100,3900,N/A,193100,N/A,N/A,N/A,198200,4000,N/A,233400,N/A,N/A,N/A,240400,
,,,,,,,,,,,,,,,,,,,,,,,,,,,,,,,,,,,,,,,,,,,,,,,,,,,,,,,,,,,,,,,,,,,,,,,
Notes,,,,,,,,,,,,,,,,,,,,,,,,,,,,,,,,,,,,,,,,,,,,,,,,,,,,,,,,,,,,,,,,,,,,,,,
The majority of our health coverage topics are based on analysis of the Census Bureau’s American Community Survey (ACS) by KFF. ACS includes a 1% sample of the US population and allows for precise state-level estimates.,,,,,,,,,,,,,,,,,,,,,,,,,,,,,,,,,,,,,,,,,,,,,,,,,,,,,,,,,,,,,,,,,,,,,,,
,,,,,,,,,,,,,,,,,,,,,,,,,,,,,,,,,,,,,,,,,,,,,,,,,,,,,,,,,,,,,,,,,,,,,,,
"The ACS asks respondents about their health insurance coverage at the time of the survey. Respondents may report having more than one type of coverage; however, individuals are sorted into only one category of insurance coverage. See definitions for more detail on coverage type.",,,,,,,,,,,,,,,,,,,,,,,,,,,,,,,,,,,,,,,,,,,,,,,,,,,,,,,,,,,,,,,,,,,,,,,
,,,,,,,,,,,,,,,,,,,,,,,,,,,,,,,,,,,,,,,,,,,,,,,,,,,,,,,,,,,,,,,,,,,,,,,
Data may not sum to totals due to rounding.,,,,,,,,,,,,,,,,,,,,,,,,,,,,,,,,,,,,,,,,,,,,,,,,,,,,,,,,,,,,,,,,,,,,,,,
,,,,,,,,,,,,,,,,,,,,,,,,,,,,,,,,,,,,,,,,,,,,,,,,,,,,,,,,,,,,,,,,,,,,,,,
Sources,,,,,,,,,,,,,,,,,,,,,,,,,,,,,,,,,,,,,,,,,,,,,,,,,,,,,,,,,,,,,,,,,,,,,,,
"KFF estimates based on the 2008-2019 American Community Survey, 1-Year Estimates.",,,,,,,,,,,,,,,,,,,,,,,,,,,,,,,,,,,,,,,,,,,,,,,,,,,,,,,,,,,,,,,,,,,,,,,
,,,,,,,,,,,,,,,,,,,,,,,,,,,,,,,,,,,,,,,,,,,,,,,,,,,,,,,,,,,,,,,,,,,,,,,
Definitions,,,,,,,,,,,,,,,,,,,,,,,,,,,,,,,,,,,,,,,,,,,,,,,,,,,,,,,,,,,,,,,,,,,,,,,
*Uninsured*: Includes those without health insurance and those who have coverage under the Indian Health Service only.,,,,,,,,,,,,,,,,,,,,,,,,,,,,,,,,,,,,,,,,,,,,,,,,,,,,,,,,,,,,,,,,,,,,,,,
,,,,,,,,,,,,,,,,,,,,,,,,,,,,,,,,,,,,,,,,,,,,,,,,,,,,,,,,,,,,,,,,,,,,,,,
Persons of Hispanic origin may be of any race; all other racial/ethnic groups are non-Hispanic. ,,,,,,,,,,,,,,,,,,,,,,,,,,,,,,,,,,,,,,,,,,,,,,,,,,,,,,,,,,,,,,,,,,,,,,,
,,,,,,,,,,,,,,,,,,,,,,,,,,,,,,,,,,,,,,,,,,,,,,,,,,,,,,,,,,,,,,,,,,,,,,,
*N/A*: Estimates with relative standard errors greater than 30% are not provided.,,,,,,,,,,,,,,,,,,,,,,,,,,,,,,,,,,,,,,,,,,,,,,,,,,,,,,,,,,,,,,,,,,,,,,,
,,,,,,,,,,,,,,,,,,,,,,,,,,,,,,,,,,,,,,,,,,,,,,,,,,,,,,,,,,,,,,,,,,,,,,,
,,,,,,,,,,,,,,,,,,,,,,,,,,,,,,,,,,,,,,,,,,,,,,,,,,,,,,,,,,,,,,,,,,,,,,,
Footnotes,,,,,,,,,,,,,,,,,,,,,,,,,,,,,,,,,,,,,,,,,,,,,,,,,,,,,,,,,,,,,,,,,,,,,,,
1. US total excludes Puerto Rico.,,,,,,,,,,,,,,,,,,,,,,,,,,,,,,,,,,,,,,,,,,,,,,,,,,,,,,,,,,,,,,,,,,,,,,,