"Title: Health Insurance Coverage of the Total Population | KFF"
"Timeframe: 2010 - 2019"
"Location","2010__Employer","2010__Non-Group","2010__Medicaid","2010__Medicare","2010__Military","2010__Uninsured","2010__Total","2011__Employer","2011__Non-Group","2011__Medicaid","2011__Medicare","2011__Military","2011__Uninsured","2011__Total","2012__Employer","2012__Non-Group","2012__Medicaid","2012__Medicare","2012__Military","2012__Uninsured","2012__Total","2013__Employer","2013__Non-Group","2013__Medicaid","2013__Medicare","2013__Military","2013__Uninsured","2013__Total","2014__Employer","2014__Non-Group","2014__Medicaid","2014__Medicare","2014__Military","2014__Uninsured","2014__Total","2015__Employer","2015__Non-Group","2015__Medicaid","2015__Medicare","2015__Military","2015__Uninsured","2015__Total","2016__Employer","2016__Non-Group","2016__Medicaid","2016__Medicare","2016__Military","2016__Uninsured","2016__Total","2017__Employer","2017__Non-Group","2017__Medicaid","2017__Medicare","2017__Military","2017__Uninsured","2017__Total","2018__Employer","2018__Non-Group","2018__Medicaid","2018__Medicare","2018__Military","2018__Uninsured","2018__Total","2019__Employer","2019__Non-Group","2019__Medicaid","2019__Medicare","2019__Military","2019__Uninsured","2019__Total",Footnotes
"United States","148122000","15847400","51020700","34335100","4568900","46912100","300806200","148465600","15600500","53218800","35074800","4689300","46031700","303080600","149022600","15602000","54312900","36470500","4756200","45212400","305376600","148821500","16327100","54730100","37939800","4841200","44845800","307505500","150832100","19607200","59321400","39364700","4744700","36342200","310212200","152351600","21836100","63865500","40558200","4673500","29493100","312777900","153701600","21924600","65517800","41628500","4646700","27047100","314466400","156199800","20525500","65152400","42802800","4588200","27753700","317022500","157299500","19611400","64924500","43837400","4561000","28264700","318498500","158000000","18728800","63145700","45286700","4393600","29349300","319000000","1"
"Alabama","2195700","232900","842600","599200","94100","686800","4651400","2191200","248700","857600","609800","107500","661100","4676000","2210500","233300","903600","625800","98500","624300","4696000","2143300","263600","893600","667700","94600","642900","4705800","2191400","268700","915500","683100","90700","564800","4714100","2205700","289700","948700","708200","97500","480300","4730100","2216700","318500","952800","712600","94400","435200","4730100","2179900","292200","977900","745800","93100","452600","4741400","2232000","257400","928300","754900","96600","483400","4752600","2250900","263400","929500","763800","99000","460400","4767100"
"Alaska","349500","19000","108700","39600","43700","124100","684600","341000","18100","109800","47500","41600","139100","697100","349100","18000","108200","45200","42300","143500","706200","365800","24800","97500","51700","34400","130900","705100","337300","32600","115400","49100","48500","123700","706600","337000","35100","140000","53000","39800","102800","707500","336100","32200","137900","57300","47900","103500","714900","320700","22900","156400","63100","48200","98700","710100","341300","26000","151200","66900","38500","85400","709100","339800","24700","149400","70200","37100","80500","701700"
"Arizona","2707800","318300","1273700","779600","115600","1061900","6256900","2682800","325800","1307300","815200","107800","1085700","6324500","2726700","336100","1245100","849100","112200","1117200","6386300","2768300","357000","1208000","901700","107500","1123300","6465700","2834500","415100","1341800","950500","117300","896900","6556200","2884400","468200","1463900","989800","112200","736600","6655100","2928500","447700","1585800","1018400","105700","674800","6760900","3075100","396400","1526400","1046800","110100","686400","6841300","3114300","381600","1568300","1092100","104500","743500","7004300","3202000","366500","1489600","1145300","105600","789100","7098000"
"Arkansas","1169100","135300","587600","391900","54300","495800","2834000","1202100","136000","598700","381200","48000","483600","2849500","1220500","122400","592400","401800","53500","469600","2860200","1182300","136500","612100","415400","58900","463400","2868600","1209000","168800","688500","424900","49500","339200","2880000","1194200","203100","738400","429000","46100","271500","2882300","1215700","195800","771800","434900","44900","232200","2895400","1208600","183200","784600","450700","49700","233100","2910000","1223300","162400","796600","455900","41200","242000","2921300","1226300","157300","767000","464200","41800","265800","2922500"
"California","16708900","2429500","6926200","3269700","400000","6781300","36515700","16800800","2355900","7237100","3365200","396000","6707900","36862800","16880200","2328200","7409800","3525500","418500","6659200","37221500","17000500","2405300","7564800","3693500","406900","6440200","37511300","17435800","2783400","8786300","3832500","400200","4743300","37981600","17555200","2946300","10173800","3967700","406100","3276000","38325100","17805300","2873100","10466200","4060100","396600","2841000","38442400","18253400","2876500","10238500","4181900","363900","2799600","38713900","18346700","2802100","10194300","4240200","388400","2774100","38745900","18538700","2569600","9790000","4388900","350200","3005400","38642700"
"Colorado","2528300","389100","630500","471500","120000","776700","4916200","2529800","388000","685000","496200","125500","759600","4983900","2536300","378400","736600","523000","139800","731900","5045900","2568800","400600","728400","569500","148000","714900","5130200","2621200","430000","888300","589200","136700","551600","5217000","2657000","452500","1021200","621800","132800","430000","5315400","2727500","437800","1045500","647800","125900","413700","5398100","2771900","409600","1073700","664600","131500","409800","5461100","2895000","398500","1027200","692300","117000","425200","5555200","2997100","389900","942300","718500","127200","436700","5611800"
"Connecticut","2005700","169900","524200","421900","28100","313800","3463700","1988100","173400","571700","414400","20700","298000","3466400","1948400","154300","600600","426700","25400","323900","3479300","1898300","172900","604900","443000","34300","325700","3479000","1880500","206600","673600","447300","27500","244900","3480400","1884200","227200","683000","449400","23300","210900","3478100","1893600","215700","700500","460200","25200","170000","3465100","1871900","206500","706200","474000","23600","196500","3478700","1868600","188600","715200","483300","25600","185100","3466300","1827200","165900","743900","488000","23900","204500","3453300"
"Delaware","456100","32200","167400","115900","12900","87200","871700","468600","30900","172800","119700","9700","78300","880100","461900","31500","184600","122800","12000","75300","888000","455100","28200","182300","131400","11000","90500","898500","483100","34000","166600","138800","15600","67100","905300","473900","48200","188000","143000","13700","51500","918300","484800","52500","178900","143300","11300","53500","924300","494500","48500","166900","155600","14300","52000","931700","468100","44100","200500","159600","11400","54000","937700","467700","38900","191400","162500","17300","62500","940300"
"District of Columbia","297100","25500","151500","46100","5500","44500","570200","309600","28800","155600","40200","4900","44700","583900","314000","33600","161300","45400","8500","33200","596000","316400","33600","167400","47800","6400","38700","610300","319000","38900","180100","45000","6000","34500","623500","344300","43700","168000","49400","5700","23600","634800","335300","43300","183900","48100","7900","26000","644400","349700","40500","184500","51100","7900","23900","657600","353600","47200","184800","55600","5400","21200","667900","368400","43400","171000","55300","9000","24200","671300"
"Florida","7389100","1089600","2850400","2788200","357500","3924000","18398800","7388300","1074800","3072100","2856100","339600","3883300","18614200","7373000","1116600","3283400","2967500","363300","3773100","18876900","7300300","1160300","3304000","3095500","391200","3841800","19093200","7468400","1595300","3528800","3227600","390900","3220100","19431100","7664500","2026100","3724900","3335600","407900","2653500","19812500","7911800","2031100","3825400","3461200","390500","2524000","20144000","8155800","1985000","3819300","3536400","382300","2653500","20532300","8339600","2011400","3759600","3624500","366900","2741500","20843500","8454200","1995300","3643200","3776000","366300","2757000","20992000"
"Georgia","4466200","461500","1499300","909900","214700","1863200","9414700","4467300","443600","1559300","939400","238300","1869600","9517400","4497700","448100","1661100","985300","234100","1790000","9616400","4477200","465500","1649000","1033500","240100","1825700","9690900","4573100","579600","1766800","1090000","235400","1547900","9792900","4694200","707200","1768000","1127000","237500","1375700","9909700","4750700","742500","1793400","1177600","244400","1292300","10001000","4922000","657700","1759600","1194700","233200","1354200","10121400","4959400","581700","1781600","1246800","236600","1406800","10212800","5037600","575200","1777600","1296300","228300","1379000","10294000"
"Hawaii","717600","68900","194500","158600","61700","100400","1301600","735200","50700","194100","160400","76400","95000","1311900","695500","64100","229200","168100","85400","88000","1330300","707100","57600","216200","178300","78500","93800","1331500","737800","56600","228600","185100","73700","66400","1348100","742300","70100","244100","182200","71900","52100","1362600","756200","62200","239700","189800","69300","47400","1364600","734100","65300","237700","199400","68300","51300","1356100","739700","62200","236500","199000","65200","52200","1354800","729900","54700","236800","213100","54000","54500","1343000"
"Idaho","729200","124200","205900","180200","24500","274900","1538900","735800","126900","228100","180700","32600","243200","1547300","733400","116200","244000","192000","26200","250800","1562500","734100","121700","241700","198600","29500","255300","1580900","743100","158100","242700","214200","26000","214800","1598800","742700","178800","274400","217200","22000","182200","1617200","778600","171000","277300","228500","25100","170200","1650700","782500","160300","293600","235300","29900","180500","1682100","809800","149300","284600","251000","33200","191700","1719600","858100","150100","272600","262900","23700","183600","1750900"
"Illinois","6570400","616200","2119600","1385500","86800","1757900","12536400","6593400","595900","2255200","1400300","84600","1624400","12553800","6549300","622000","2223300","1442800","98100","1632400","12567900","6525500","629500","2248300","1478500","90800","1598500","12571100","6564000","770300","2377400","1527000","91100","1239600","12569400","6610300","847800","2542500","1571800","87900","889400","12549700","6634000","833700","2537500","1592000","79700","814300","12491200","6675200","751400","2500200","1636700","76700","856400","12496600","6744300","699900","2361500","1677300","77500","877700","12438400","6743800","637800","2250200","1741400","83200","905900","12362300"
"Indiana","3277200","291300","932600","787100","58800","942400","6289300","3329200","253200","975300","777100","61200","921200","6317100","3322300","253200","979500","807800","57000","918900","6338800","3306200","283400","987900","834100","55200","899600","6366500","3359100","317800","1012600","873000","54900","769300","6386700","3376300","360100","1085000","901000","59400","633300","6415100","3430900","3.71E+05","1150600","905400","54500","518900","6431400","3419700","349500","1170500","918000","57800","543900","6459400","3493600","302900","1143300","944400","53600","549200","6487100","3473000","284100","1152900","965800","65900","570100","6511800"
"Iowa","1618600","194800","458400","376200","24700","275600","2948200","1647500","190700","455500","377100","26300","266600","2963800","1623100","198400","489900","386900","27100","250700","2976000","1609300","190300","494400","412200","21800","262300","2990300","1616100","237100","530000","422500","23800","172500","3002100","1637000","229300","548500","432200","26000","146800","3019800","1646700","207600","592700","436600","24400","122400","3030400","1684000","203900","548500","450500","25600","133200","3045600","1661500","167700","592700","457500","26300","151100","3056800","1664600","150100","596500","477900","26800","144400","3060200"
"Kansas","1496600","167400","327500","327400","63500","378700","2761000","1489400","172600","366000","322500","68500","353000","2772200","1480400","161600","371800","343300","76400","354100","2787500","1464800","182000","372700","355900","75000","346200","2796500","1476700","203600","405000","362800","63300","299300","2810700","1525400","219000","377200","370900","63000","261200","2816600","1510100","234900","391300","378100","65800","236700","2817000","1539300","195500","380700","391800","70400","240000","2817600","1538700","173400","396400","396600","64100","245500","2814700","1527000","158800","389500","421300","55300","259300","2811200"
"Kentucky","1993500","195400","761900","534600","77200","644500","4207100","1989600","183800","810600","553000","76100","614900","4227900","2031800","183200","782000","566800","90800","580500","4235100","2029600","174900","779100","585800","74100","617200","4260900","2011800","219000","998800","601200","64300","373700","4268800","2000400","220200","1105200","624100","72300","261100","4283400","1982800","225000","1144900","641600","72500","220800","4287700","1999600","195500","1167800","648200","61000","234900","4307100","2026800","182000","1143400","662200","65000","240800","4320300","2028200","169600","1101300","684300","60200","275700","4319300"
"Louisiana","1916600","223600","946300","465700","65100","782900","4400400","1918500","232000","946300","481000","74800","778600","4431200","1914900","229100","995400","499400","74500","743900","4457000","1977300","214100","966400","503100","68100","754200","4483200","2023500","260300","969800","530200","70000","654700","4508500","2030900","293100","1026900","551900","80600","546800","4530300","1959600","320100","1146200","576000","67400","461100","4530500","1974300","262300","1283700","576300","68000","377000","4541500","1918200","241100","1323500","607900","70000","358700","4519300","1882500","219500","1316800","618600","61100","400200","4498600"
"Maine","609600","58700","295100","167600","21000","138500","1290600","613800","53000","287800","172500","20600","144400","1292200","597700","50800","301900","185900","22300","133900","1292600","586900","52300","291200","191700","26000","143700","1291900","603100","68200","281500","196600","17200","127200","1293800","603900","93700","258600","204700","21000","110600","1292600","620000","94100","250500","207000","20100","102000","1293800","639100","84100","235800","216800","22400","101800","1300200","629600","83000","239600","223900","21400","102000","1299500","605600","74000","259900","237900","19900","105000","1302300"
"Maryland","3227700","283200","789700","575100","106400","640100","5622200","3284900","292500","821300","590300","97400","582300","5668600","3252300","279200","860100","622100","123600","585500","5722700","3243600","294200","879100","642500","119400","588600","5767500","3237700","322700","1010700","672900","116000","459300","5819300","3263700","365200","1027100","686800","105800","389700","5838300","3263400","368500","1040400","714800","111600","357700","5856500","3310300","329400","1049900","732800","108100","362400","5892900","3266600","314200","1086400","742800","110600","350200","5870800","3213800","319600","1101400","779500","114100","347100","5875500"
"Massachusetts","3741900","308500","1297400","675900","27600","277100","6328400","3685400","308900","1371400","693700","35200","265900","6360600","3710700","293700","1410800","717400","28000","250100","6410600","3722100","319700","1406300","727600","30500","245200","6451500","3698000","300200","1491600","762600","33000","221300","6506500","3662800","329500","1559300","788600","30500","185000","6555600","3652400","348500","1573400","795900","36500","163900","6570600","3655700","357000","1564500","826900","34200","182400","6620600","3680100","375200","1546400","842200","34700","181200","6659900","3716400","359400","1468400","872100","32300","202300","6650800"
"Michigan","4890100","428600","1837500","1238100","61800","1201600","9657600","4861700","432900","1905700","1247100","61500","1146200","9655100","4865900","427400","1875500","1296100","75500","1119000","9659300","4833000","474300","1887900","1326300","70700","1072100","9664300","4880800","548900","1983100","1380200","73600","816300","9682700","4880000","553800","2201400","1409700","64500","584400","9693800","4916700","575300","2193200","1433600","58100","516600","9693500","4994900","524800","2181600","1464900","55400","498700","9720300","4978500","505700","2191600","1510900","57000","526500","9770000","4968100","511700","2115400","1553400","55500","561600","9765600"
"Minnesota","3001200","344500","732200","602900","42300","464400","5187500","3020400","341400","752400","610200","43500","454600","5222300","3069000","314600","756100","640300","38900","437400","5256300","3014100","377900","762400","653100","40300","440000","5287800","3022500","393000","869100","685600","42500","317600","5330400","3023200","392200","968900","702000","38600","240600","5365600","3030100","392500","967700","738700","36600","227400","5392900","3132200","315200","943900","771900","40100","243300","5446600","3150400","304300","983800","773400","38300","238700","5489000","3186600","284500","932800","809400","36500","265000","5514800"
"Mississippi","1157200","128800","677800","329300","55100","519100","2867200","1171500","134200","680000","328000","57000","507800","2878500","1163700","130100","702400","342400","53200","492800","2884500","1163100","124400","689300","357700","63100","491700","2889200","1180800","163100","708700","360500","56100","417600","2886800","1171600","181900","744400","372600","57500","361300","2889300","1218300","173400","714600","385500","56300","339300","2887300","1211100","172900","705000","386700","60300","348500","2884500","1249500","149100","674000","407000","47000","352800","2879400","1209700","135500","693100","407000","51500","370300","2867100"
"Missouri","2979700","342700","861000","751800","95400","771400","5802000","2973000","316500","866100","768300","102100","797400","5823500","2891500","326900","894800","813300","94400","809800","5830600","2943900","332600","866900","834100","109000","766600","5853100","2979600","411500","833200","869000","96900","680100","5870200","3017800","442300","874500","881500","100400","574400","5890900","3050900","461300","858700","910000","88000","529100","5898000","3052200","414500","880900","948600","88600","536500","5921300","3101200","345700","888000","954300","88700","556600","5934500","3089700","341500","854100","975200","79200","600100","5939900"
"Montana","442100","79100","123200","133900","21700","162800","962800","438600","72700","123400","136300","18400","182200","971600","415000","76400","147700","139700","20600","179300","978700","430200","71100","148800","148600","22600","164900","986300","438200","96000","150900","153800","18600","136200","993700","446200","107700","152600","163400","19700","116300","1005900","440500","97200","208400","160900","23200","84900","1015100","445800","95800","197700","167900","22300","93100","1022600","455000","74900","218900","180500","20800","83900","1034000","446600","83600","216600","187600","18300","86600","1039400"
"Nebraska","938500","144800","232600","207100","37900","210000","1771000","945200","149700","221700","210600","41200","213800","1782300","988600","128900","223900","214800","38900","199900","1795100","980400","139900","235900","223100","36800","195100","1811200","988000","161200","238600","226600","38800","170500","1823700","1017800","164500","237400","241200","33500","144000","1838400","1014900","159300","237000","238100","31900","163800","1845000","1033200","147100","231600","249100","37800","160500","1859200","1031800","135500","248700","261300","33600","158100","1868900","1064200","128500","235600","266300","30700","148300","1873600"
"Nevada","1313600","125500","284500","284000","49800","600100","2657600","1300300","111900","322800","295000","58400","587400","2675800","1287200","134500","324700","313200","54500","596900","2710900","1349400","109500","340400","323500","58400","564300","2745400","1356500","152000","457600","347600","52600","429000","2795200","1351800","188500","528200","375600","48800","349800","2842700","1393700","186500","556500","380000","52700","321000","2890400","1451300","157100","558300","400700","53200","325900","2946600","1441400","162400","574700","408100","58200","338700","2983400","1498600","167800","538500","423300","52400","349000","3029700"
"New Hampshire","764800","56000","136300","161100","14200","143500","1276000","776100","55100","139700","165000","13400","128900","1278200","743300","53300","149100","175200","15700","143500","1280100","738700","62100","144500","183700","11900","139800","1280700","749800","74900","134700","190400","16100","120600","1286500","753000","71500","160600","198500","14700","89200","1287600","741700","75500","173900","205200","12900","82100","1291300","743200","72100","179300","217300","11700","73400","1297000","753000","65300","184900","224400","14400","68200","1310300","738900","70100","172800","232300","15300","84600","1314000"
"New Jersey","4976200","360700","1129600","976500","32300","1145200","8620400","4972900","342900","1178600","983600","37400","1123300","8638700","4936100","365700","1216800","1017400","40300","1109200","8685500","4857400","369200","1218400","1057600","46200","1168000","8716900","4887800","441800","1347600","1078400","38600","961900","8756200","4862000","486300","1523400","1090200","41000","773400","8776300","4901100","501600","1521800","1125100","37300","675900","8762700","4939800","500100","1511300","1152700","47100","672900","8823900","4936900","484100","1456800","1164400","38500","647600","8728300","4844600","471000","1446600","1201700","45100","690300","8699400"
"New Mexico","790900","86600","453100","236500","47100","403800","2018000","775900","84300","485300","239200","44900","406900","2036500","810900","84700","463500","259600","36900","383600","2039200","744200","84700","504500","264500","49500","392700","2040200","758100","96100","560000","276300","44200","302000","2036700","738400","101000","651500","281200","40900","222200","2035300","749000","102200","658500","286800","49900","183000","2029400","738800","98400","684400","287900","42500","186100","2038200","748100","87500","673300","306300","39100","190900","2045300","748000","82500","667300","306900","36300","200500","2041400"
"New York","9625500","794100","4051300","2034200","96100","2258800","18860000","9607300","758100","4247200","2051300","95700","2180800","18940500","9706700","750700","4264700","2139800","88500","2089800","19040100","9567700","807600","4382000","2182600","104500","2075300","19119600","9609300","961600","4654000","2226900","104100","1660500","19216400","9544600","1045900","4945200","2268700","96500","1368400","19269200","9451400","1140400","5075600","2286700","96900","1170500","19221500","9536300","1139400","5082100","2362000","87400","1108600","19315700","9388700","1127200","5003500","2406500","84100","1006900","19016900","9423800","1094500","4852600","2455600","81700","1000100","18908300"
"North Carolina","4188300","545900","1549300","1135200","253100","1569300","9241100","4235000","535600","1628400","1149700","268300","1536000","9353100","4202100","541200","1669200","1200900","266900","1559000","9439200","4198000","588900","1712500","1270300","261100","1491700","9522500","4285800","718700","1771600","1317500","267200","1272200","9632900","4365800","839500","1802000","1358000","266800","1101600","9733700","4471300","804900","1837100","1417500","269400","1029700","9829900","4611100","713400","1830400","1452500","272800","1068600","9948800","4712500","652300","1827800","1491400","270300","1090100","10044400","4692000","675300","1813100","1553100","246900","1159300","10139700"
"North Dakota","362800","59700","58400","84400","17000","64900","647200","354900","71100","66900","87000","12200","65100","657100","383300","59700","58700","82500","15800","71800","671900","389800","62300","68500","84300","16700","71800","693500","407500","70100","76800","88200","8300","57500","708400","404600","72100","77600","93900","18200","60000","726400","403300","72100","80500","94400","18600","57000","725900","421100","66000","77800","94900","11700","54500","726000","415700","60800","84300","97000","16500","56300","730600","406900","65500","88900","100500","15100","54000","731000"
"Ohio","6004200","434700","1821700","1459400","110700","1384900","11215700","5944500","470700","1856400","1478700","112100","1362300","11224600","5901000","451200","1921600","1532700","110500","1305000","11222100","5912800","481600","1936800","1558900","110300","1239300","11239600","5927900","508600","2152100","1630100","103000","948600","11270300","5898000","552300","2355000","1653000","101800","733400","11293300","5898400","553700","2401000","1698900","97400","629400","11278700","5897600","547000","2386700","1729700","101200","661300","11323500","5890600","519700","2353900","1753700","102500","735400","11355900","5973000","454200","2274100","1804400","85900","760000","11351500"
"Oklahoma","1598500","180600","613500","456900","86600","699400","3635500","1640600","155400","615800","478900","90300","683700","3664800","1637800","166800","631400","497400","77100","679000","3689500","1658700","179500","646800","497700","82200","662000","3726900","1700400","237600","648200","513300","79000","571100","3749500","1728800","242600","655500","539700","79900","537200","3783700","1711800","251400","690400","552700","70400","524200","3800800","1723800","223100","684100","560700","80100","531900","3803700","1756000","223000","673300","560700","81800","521400","3816100","1742700","209300","651600","576900","75600","571000","3826900"
"Oregon","1795800","249700","549300","477400","46000","645800","3764000","1789900","248300","627400","492200","44000","591700","3793500","1810200","238200","663300","510000","46600","557200","3825500","1816200","234400","650800","534900","43400","572000","3851600","1778900","249000","886200","555400","38200","381800","3889600","1807100","297300","942000","580900","43900","277600","3948700","1879400","305700","934000","608600","37800","249000","4014500","1912500","290400","929700","616800","38900","274800","4063000","1955300","268600","907000","641900","42200","295900","4110800","2037300","235300","858000","667600","37100","293500","4128900"
"Pennsylvania","6611500","620200","2056100","1668600","80800","1256400","12293700","6545100","634200","2096000","1694600","98700","1249600","12318300","6610200","631000","2087500","1731600","88500","1198900","12347600","6603000","632100","2041700","1787700","84800","1195000","12344300","6494600","811900","2071900","1837400","84800","1067500","12368000","6521800","843700","2288600","1878400","73300","780600","12386400","6368900","832100","2454500","1915900","70600","722700","12364700","6467000","732600","2444400","1987200","72600","685400","12389100","6478900","670700","2498700","1970200","77300","692400","12388100","6413400","636800","2506200","2015200","97100","709100","12377600"
"Rhode Island","531900","41800","173100","125000","15000","122300","1009200","539900","39400","182800","124300","10000","111000","1007400","536400","40400","179100","125200","11500","115400","1007900","526800","46300","172700","132700","9400","120800","1008600","511900","57400","227100","134400","10900","71900","1013700","527300","55700","231300","139400","8200","52500","1014400","527000","70400","222900","142800","8000","42900","1013900","520500","60900","239300","141200","8500","45600","1015900","527600","54700","237900","144400","8600","40900","1014000","549100","59600","208900","148200","8000","43400","1017100"
"South Carolina","2019600","195100","772300","581500","117100","790900","4476500","2029800","201400","793900","609100","121900","763300","4519500","2030200","196300","839900","626700","114000","761900","4569100","2063500","196600","853600","659400","113900","729300","4616200","2051600","252600","909200","701700","123800","635500","4674300","2141000","316900","926800","723000","112900","513400","4734000","2174800","328800","967000","742800","115700","476200","4805300","2205500","297200","922300","785300","112800","541600","4864600","2231700","299800","960700","807000","113500","517100","4929800","2264600","302200","935700","834900","107400","539300","4984200"
"South Dakota","385700","80100","108400","96200","22900","93600","787000","397600","70700","105200","108700","17200","92000","791400","403600","73400","114700","104100","19000","85800","800400","387400","75900","120100","109600","17300","101300","811600","412700","84200","117800","106700","18400","81900","821600","399000","84900","111100","117000","24200","92900","829000","440700","71000","118400","116900","19700","69200","835800","437400","73700","114600","120400","13600","77300","837000","439200","70100","113200","126300","20600","79400","848700","438000","70300","109000","136800","15600","81500","851300"
"Tennessee","2915700","325000","1160300","770900","121300","893100","6186200","2878000","316200","1195600","794200","118800","927700","6230500","2947000","325100","1176100","835700","119200","874300","6277400","2882100","343300","1225400","854600","129900","883400","6318700","2900900","417100","1292100","874500","130900","759300","6374800","3001900","429600","1291200","913400","127000","659600","6422800","3013400","438100","1379100","925600","119800","591700","6467700","3112200","390000","1342800","952600","125300","615300","6538200","3070000","379700","1359800","974900","131700","670300","6586400","3177400","374800","1293500","995700","122700","676800","6640900"
"Texas","10986600","1040800","4100100","2147800","444900","5864200","24584400","11178500","1042800","4302500","2251400","463100","5767900","25006100","11348200","1086200","4496100","2297300","449900","5706600","25384300","11567300","1165200","4435100","2445300","480100","5680000","25773000","12133900","1547900","4521300","2598900","464900","5013100","26280100","12552000","1840300","4690000","2670100","464700","4560300","26777500","12775700","1879900","4757100","2767100","476400","4522200","27178300","13126800","1671800","4701400","2840400","475000","4805800","27621300","13234000","1683300","4724500","2935000","489700","4957500","28024000","13461200","1603200","4490000","3069700","455100","5207000","28286200"
"Utah","1559500","172800","314000","214900","40700","422200","2724100","1596400","174300","322800","229900","26600","417400","2767500","1651800","162100","316600","240300","38700","392200","2801700","1653900","201800","317300","254800","40000","381700","2849400","1689500","231400","315300","262400","35200","357900","2891800","1718300","283800","327000","270100","31700","314300","2945200","1801900","278200","351500","278300","34300","255200","2999300","1831800","273900","340200","291400","35100","275000","3047400","1879400","282600","313600","310300","40700","279300","3105900","1909100","294300","292300","315400","39300","303700","3154100"
"Vermont","293400","27500","147400","77300","6900","47000","599500","306200","25100","143200","74300","7300","43500","599800","297600","30500","147400","80700","4600","39900","600700","288800","24800","152600","87700","6300","42400","602700","287700","37500","154000","88300","4500","27900","6.00E+05","294800","35100","156000","87800","4800","23800","602400","288400","34900","160200","89900","4600","21600","599600","278000","29300","168700","95000","4100","25100","600200","295100","38000","139400","98800","4900","24500","600600","289600","29000","142800","104400","5700","26600","598100"
"Virginia","4243000","418400","8.00E+05","895700","352200","994400","7703800","4287500","401100","838700","916100","366100","974100","7783700","4295200","418100","859300","953800","352800","986200","7865500","4267700","423600","883100","1007400","379900","984000","7945700","4296200","520800","905500","1029400","382900","871000","8006000","4319700","572700","971100","1069600","366900","751000","8051200","4362200","584700","928900","1113800","376900","714400","8080900","4369800","562900","968500","1129100","390800","719500","8140700","4440600","511600","970900","1185600","362800","710500","8182100","4429500","423400","1107500","1208000","361700","654900","8185100"
"Washington","3351500","390600","1039800","705500","151500","936900","6575900","3335900","404800","1056400","739000","176700","941600","6654400","3406200","401200","1043400","777100","176200","928700","6732900","3404300","399200","1047600","822800","165200","958700","6797800","3477300","472700","1270800","857500","176300","633000","6887600","3500300","518300","1480900","892900","152300","458200","7002800","3624400","462200","1515200","923900","174700","423800","7124100","3748100","441100","1505500","960500","144600","440000","7239800","3802400","406600","1538400","991600","147300","481700","7368000","3928300","373400","1468800","1029200","135300","488900","7423900"
"West Virginia","838200","50000","339500","286200","22600","262500","1799000","820200","39700","353900","286500","23900","278100","1802200","861700","39300","318500","294800","30800","256600","1801800","828400","43200","351500","309600","22600","242800","1798200","810900","45300","439400","318200","18500","159300","1791600","812000","68100","476100","314700","22400","98200","1791500","773800","64600","511600","324100","19800","87700","1781700","755100","65800","493500","323600","22600","101400","1762100","773100","55400","463500","329500","22600","108200","1752300","764600","43800","462600","330500","23000","114500","1739000"
"Wisconsin","3089000","256700","941300","669200","46700","530500","5533400","3054500","251000","1011600","668700","52200","511900","5549900","3105800","261900","926300","712500","47000","512600","5566100","3049900","276400","975000","740000","47300","504000","5592500","3080800","336400","955000","764000","50200","417200","5603600","3153600","348600","959000","793500","41800","324300","5620900","3140500","350600","984300","803100","52100","292600","5623300","3191800","338400","948600","834600","39900","289700","5643000","3202300","302300","940500","861000","43200","313600","5662800","3209400","299400","911500","882700","47200","327000","5677100"
"Wyoming","294600","31400","66200","60300","15100","80800","548400","295800","34700","59800","63200","13000","85100","551600","286900","34300","70200","65200","12600","89800","559000","318100","30500","62400","68200","15400","72600","567300","308000","41000","69300","65500","14000","70600","568500","309000","44800","69100","72900","13800","59300","568900","296700","49400","71500","74200","15100","62500","569400","293700","37300","71100","80100","12000","69200","563300","309900","38900","57100","84100","11100","59200","560300","287700","39900","64900","90900","10200","69000","562700"
"Puerto Rico","1054100","281200","1597200","429400","22200","299900","3684000","995400","301500","1653000","418800","20200","282900","3671700","987500","283300","1667000","410000","23000","263200","3634000","891200","303000","1718500","419400","16400","233400","3582000","858000","262800","1735800","425800","17800","213800","3514000","869600","252600","1673300","434500","18100","195100","3443200","818300","263100","1627800","439500","15700","214600","3379100","772900","283800","1548900","454000","20600","224700","3304800","743000","254100","1517200","428300","18800","203100","3164400","747900","250000","1456000","446600","16000","248000","3164500"

"Notes"
"The majority of our health coverage topics are based on analysis of the Census Bureau’s American Community Survey (ACS) by KFF. ACS includes a 1% sample of the US population and allows for precise state-level estimates.   "
""
"The ACS asks respondents about their health insurance coverage at the time of the survey. Respondents may report having more than one type of coverage; however, individuals are sorted into only one category of insurance coverage. See definitions for more detail on coverage type."
""
"* The count of people with Medicare excludes those who report having both Medicare and Medicaid coverage, also known as dual eligibles. If these individuals were instead categorized as having Medicare, the total number of people with Medicare would increase as follows:"
"     - 2019: from 45,286,700 to 56,182,200"
"     - 2018: from 43,837,300 to 54,685,100"
"     - 2017: from 42,802,900 to 53,401,400"
"     - 2016: from 41,628,600 to 52,099,100"
"     - 2015: from 40,558,200 to 50,747,800"
"     - 2014: from 39,364,700 to 49,231,400"
"     - 2013: from 37,939,800 to 47,515,000"
"     - 2012: from 36,470,400 to 46,081,400"
"     - 2011: from 35,074,700 to 44,427,200"
"     - 2010: from 34,335,100 to 43,246,000"
"     - 2009: from 33,037,500 to 41,876,400"
"     - 2008: from 32,115,800 to 39,037,500"
""
"Data may not sum to totals due to rounding."

"Sources"
"KFF estimates based on the 2008-2019 American Community Survey, 1-Year Estimates."

"Definitions"
"The ACS asks respondents about their health insurance coverage throughout the previous calendar year. Respondents may report having more than one type of coverage. In this analysis, individuals are sorted into only one category of insurance coverage using the following hierarchy:"
""
"*Medicaid*: Includes those covered by Medicaid, Medical Assistance, Children's Health Insurance Plan (CHIP) or any kind of government-assistance plan for those with low incomes or a disability, as well as those who have both Medicaid and another type of coverage, such as dual eligibles who are also covered by Medicare."
""
"*Medicare*:  Includes those covered by Medicare, Medicare Advantage, and those who have Medicare and another type of non-Medicaid coverage where Medicare appears to be the primary payer. Excludes seniors who also report employer-sponsored coverage and full-time work, and those covered by Medicare and Medicaid (dual eligibles)."
""
"*Employer*: Includes those covered through a current or former employer or union, either as policyholder or as dependent"
""
"*Military*: Includes those covered under the military or Veterans Administration"
""
"*Non-Group*: Includes those covered by a policy purchased directly from an insurance company, etiher as policyholder or as dependent"
""
"*Uninsured*: Includes those without health insurance and those who have coverage under the Indian Health Service only."
""
"*N/A*: Estimates with relative standard errors greater than 30% are not provided."


Footnotes
"1. US total excludes Puerto Rico."
