"Title: Population Distribution by Race/Ethnicity | KFF"
"Timeframe: 2010 - 2019"
"Location","2010__White","2010__Black","2010__Hispanic","2010__Asian","2010__American Indian/Alaska Native","2010__Native Hawaiian/Other Pacific Islander","2010__Multiple Races","2010__Total","2011__White","2011__Black","2011__Hispanic","2011__Asian","2011__American Indian/Alaska Native","2011__Native Hawaiian/Other Pacific Islander","2011__Multiple Races","2011__Total","2012__White","2012__Black","2012__Hispanic","2012__Asian","2012__American Indian/Alaska Native","2012__Native Hawaiian/Other Pacific Islander","2012__Multiple Races","2012__Total","2013__White","2013__Black","2013__Hispanic","2013__Asian","2013__American Indian/Alaska Native","2013__Native Hawaiian/Other Pacific Islander","2013__Multiple Races","2013__Total","2014__White","2014__Black","2014__Hispanic","2014__Asian","2014__American Indian/Alaska Native","2014__Native Hawaiian/Other Pacific Islander","2014__Multiple Races","2014__Total","2015__White","2015__Black","2015__Hispanic","2015__Asian","2015__American Indian/Alaska Native","2015__Native Hawaiian/Other Pacific Islander","2015__Multiple Races","2015__Total","2016__White","2016__Black","2016__Hispanic","2016__Asian","2016__American Indian/Alaska Native","2016__Native Hawaiian/Other Pacific Islander","2016__Multiple Races","2016__Total","2017__White","2017__Black","2017__Hispanic","2017__Asian","2017__American Indian/Alaska Native","2017__Native Hawaiian/Other Pacific Islander","2017__Multiple Races","2017__Total","2018__White","2018__Black","2018__Hispanic","2018__Asian","2018__American Indian/Alaska Native","2018__Native Hawaiian/Other Pacific Islander","2018__Multiple Races","2018__Total","2019__White","2019__Black","2019__Hispanic","2019__Asian","2019__American Indian/Alaska Native","2019__Native Hawaiian/Other Pacific Islander","2019__Multiple Races","2019__Total",Footnotes
"United States","191844300","36217100","49603000","14275400","1997400","444100","6425000","300806200","192080600","36478000","50801600","14557700","2002400","441600","6718700","303080600","192305000","36797500","51773400","15067900","2022800","472200","6937700","305376600","192379500","37122600","52764900","15505700","2008700","448800","7275400","307505500","192419600","37599400","54059600","16156500","2006500","481900","7488800","310212200","192593600","37923800","55241300","16755300","1986900","466400","7810600","312777900","192537500","38081700","56144400","17004500","2041500","514600","8142200","314466400","192336100","38408000","57560600","17651200","2039400","502500","8524700","317022500","192117000","38655700","58483600","17844800","2082800","519500","8795000","318498500","191757100","38872200","59102900","18007200","2125700","528200","8856100","319249300","1"
"Alabama","3133000","1212100","176400","49300","23000","N/A","57200","4651400","3129700","1234700","181200","49000","20700","N/A","58900","4676000","3145700","1220200","179400","56700","23800","N/A","69100","4696000","3136100","1232900","184500","53500","17900","N/A","79400","4705800","3129100","1241500","184300","54100","20100","N/A","83200","4714100","3131400","1251500","188000","55300","16300","N/A","86500","4730100","3121800","1252500","194500","57600","21400","N/A","81100","4730100","3119100","1259900","195700","63800","19800","N/A","81800","4741400","3115600","1257300","204800","63800","19000","N/A","90700","4752600","3117200","1263500","211700","65200","18800","N/A","89200","4767100"
"Alaska","439300","20500","37900","35500","98500","5200","47700","684600","441500","19900","40600","38400","97200","6900","52600","697100","446300","23600","40300","42000","1.00E+05","6800","47200","706200","441000","23600","44100","35500","97400","9800","53800","705100","437700","21000","46600","42700","98400","8200","51900","706600","435400","22900","47600","49000","98700","2800","51000","707500","439200","20700","47800","42600","107200","8800","48600","714900","433000","18000","47400","46600","95500","6300","63300","710100","426100","20700","50200","43200","110300","7400","51100","709100","421100","15200","48900","42000","106000","10400","58200","701700"
"Arizona","3628600","236200","1857400","165900","252000","11500","105200","6256900","3634700","235400","1899500","172200","256500","10200","116100","6324500","3651000","247400","1920600","185200","253800","8400","120000","6386300","3675000","249900","1951200","186000","250800","8400","144400","6465700","3696900","256900","1998500","201900","257200","8000","136800","6556200","3714900","264200","2045900","207300","270800","8900","143100","6655100","3754900","270000","2087500","213600","266700","11600","156600","6760900","3761600","270200","2143400","220300","261300","12500","172000","6841300","3815100","297000","2213600","227200","271900","12000","167400","7004300","3843700","306600","2254800","231000","276100","12500","173400","7098000"
"Arkansas","2113800","443000","178300","32300","17600","4700","44300","2834000","2122800","439500","185400","33400","14900","7000","46500","2849500","2122600","438300","192100","35800","13700","5000","52800","2860200","2116100","442400","197600","35000","16200","N/A","60400","2868600","2119500","441900","201400","35100","15300","9000","57800","2880000","2106000","446400","204300","39000","18000","6100","62600","2882300","2114900","441600","210000","39500","17300","7700","64500","2895400","2109200","434100","220300","48100","13500","7300","77500","2910000","2110400","436900","224900","44200","17000","8200","79700","2921300","2108400","444200","226800","45500","16700","10800","70100","2922500"
"California","14600800","2042700","13825100","4777200","145000","125500","999300","36515700","14577300","2039700","14094900","4844800","140300","128300","1037400","36862800","14578700","2046600","14271100","4969400","139300","125200","1091100","37221500","14572300","2061400","14441900","5083300","131100","123000","1098300","37511300","14533900","2044300","14716500","5264600","125700","127300","1169400","37981600","14503600","2084000","14903200","5405400","130000","138000","1161000","38325100","14418700","2066000","15009300","5448900","121600","129900","1248000","38442400","14305700","2061600","15194400","5598000","138100","122900","1293200","38713900","14206900","2074900","15261300","5669100","120300","127200","1286000","38745900","14047400","2066300","15271400","5691100","138800","137000","1290700","38642700"
"Colorado","3452800","172400","1016300","129900","24200","4900","115600","4916200","3482600","181500","1043800","136400","24600","5100","109900","4983900","3517600","188200","1057400","144000","26100","4900","107600","5045900","3558300","183600","1079700","147000","23200","5500","132900","5130200","3600200","194200","1106200","149400","29600","4900","132500","5217000","3646600","204900","1137200","160200","25300","7500","133600","5315400","3708800","207900","1149700","167800","24700","7000","132100","5398100","3727100","204600","1179000","171300","30300","6400","142200","5461100","3774700","212200","1200900","176400","27600","5400","158000","5555200","3804100","211100","1221900","180300","29400","6200","158700","5611800"
"Connecticut","2467300","319600","467300","128000","4300","N/A","75700","3463700","2455800","327100","479900","133800","3700","N/A","65400","3466400","2440900","327200","495900","141500","5300","N/A","65900","3479300","2419300","333500","508100","141500","3900","N/A","72200","3479000","2394300","331100","525700","146300","4900","N/A","77500","3480400","2366300","342500","540400","149000","3700","N/A","75600","3478100","2342200","340100","546300","154900","4700","N/A","76700","3465100","2320900","336800","566200","155300","6700","N/A","92600","3478700","2298100","343000","576400","161300","4900","N/A","82500","3466300","2268200","346400","583300","158600","5600","N/A","90100","3453300"
"Delaware","572100","180200","71900","26700","N/A","N/A","18100","871700","575000","180900","74700","29000","2400","N/A","18000","880100","572800","181900","77200","29600","2000","N/A","24300","888000","577900","184300","79600","33700","2800","N/A","19900","898500","578400","190300","80700","35300","3500","N/A","16800","905300","580400","191900","83300","36000","2200","N/A","23900","918300","581900","191300","85000","37300","2900","N/A","25200","924300","583100","197900","85900","37300","N/A","N/A","24900","931700","582600","199900","88900","39100","3300","N/A","23700","937700","577700","205100","91100","36900","3000","N/A","26300","940300"
"District of Columbia","191200","293800","53600","19100","N/A","N/A","10800","570200","2.00E+05","292900","57000","20000","1500","N/A","12500","583900","207600","293900","61500","20000","1600","N/A","11400","596000","214500","296700","63500","19100","N/A","N/A","15600","610300","220500","300300","65700","22500","1600","N/A","13000","623500","225000","299400","68100","23400","N/A","N/A","17200","634800","231400","301700","71600","23800","N/A","N/A","15000","644400","236500","301800","72500","26900","1500","N/A","18100","657600","244800","299900","75600","23700","N/A","N/A","22500","667900","246100","302400","75200","25200","1800","N/A","20500","671300"
"Florida","10650200","2744700","4186400","438400","38100","9200","331900","18398800","10693800","2809300","4286500","442700","39100","11000","331700","18614200","10737900","2856600","4413400","473900","39500","10000","345600","18876900","10748400","2897800","4549700","489900","39300","7800","360400","19093200","10815800","2965100","4716100","505500","37000","12700","378900","19431100","10934500","3027300","4883700","524600","31100","8600","402700","19812500","11017500","3050800","5045400","539400","36300","10400","444300","20144000","11058700","3097400","5292800","571900","38400","10300","462800","20532300","11101600","3141700","5488400","571800","39300","9000","491600","20843500","11119200","3150100","5583900","573500","39900","12200","513300","20992000"
"Georgia","5276300","2833000","833600","304200","17000","1500","149000","9414700","5302500","2857000","854400","313300","16100","N/A","168800","9517400","5320600","2897000","880600","325300","17400","N/A","173800","9616400","5316200","2948800","876600","342400","16400","3100","187300","9690900","5334800","2992700","896200","359200","13600","6800","189600","9792900","5346500","3039500","922200","374700","16100","N/A","207700","9909700","5339500","3083400","938100","384500","16400","5200","233900","10001000","5349500","3130400","974200","400800","18100","N/A","241600","10121400","5358000","3158000","994300","421200","16300","12700","252400","10212800","5354500","3225900","1011800","422400","19700","5800","253900","10294000"
"Hawaii","282400","15200","111200","507200","1500","126900","257200","1301600","286600","18900","119800","503300","N/A","116300","264900","1311900","288800","16500","123200","516200","2300","125600","257700","1330300","289000","20400","127800","509500","N/A","118900","264700","1331500","291900","22600","133800","503900","N/A","130400","264200","1348100","295700","19700","137100","502600","1700","117400","288500","1362600","287900","17600","139800","512600","N/A","129600","275000","1364600","280000","14100","137900","517600","1300","130200","275100","1356100","278500","20400","142100","512800","N/A","129500","270100","1354800","274400","16400","137900","528600","1600","136900","247200","1343000"
"Idaho","1295400","7700","172700","20900","15300","N/A","24100","1538900","1297600","7400","175200","18500","18700","N/A","29000","1547300","1305400","6100","180000","18900","14500","N/A","36200","1562500","1317000","7000","186300","24700","15800","N/A","29000","1580900","1325000","8000","193400","22600","14600","N/A","33200","1598800","1339100","9100","192800","18200","18000","N/A","38200","1617200","1362500","8600","202200","22700","18900","N/A","33300","1650700","1381400","9500","207700","22300","17500","N/A","42100","1682100","1407600","9300","217500","27300","18100","N/A","37100","1719600","1429500","11500","225600","21600","15900","N/A","44800","1750900"
"Illinois","7988000","1759200","2010000","568700","16400","N/A","191600","12536400","7939200","1763600","2048900","584200","11500","N/A","204300","12553800","7915300","1750100","2067800","590500","12500","N/A","227400","12567900","7898400","1739200","2081000","613000","14500","2400","222600","12571100","7834100","1736700","2117100","645300","14800","4900","216500","12569400","7770700","1739800","2134700","653200","13300","3100","234900","12549700","7719800","1715800","2139000","660100","12800","3400","240300","12491200","7664800","1706000","2171200","679300","10400","N/A","259900","12496600","7588300","1685200","2173800","700500","14600","4000","271800","12438400","7522700","1679900","2177500","695500","11300","3000","272500","12362300"
"Indiana","5136600","557600","379400","96600","12400","N/A","105700","6289300","5144100","552200","387400","96000","9100","N/A","127700","6317100","5142300","561600","399200","101900","11500","N/A","119700","6338800","5138600","557200","410400","114400","8100","N/A","134600","6366500","5138400","579500","412800","122200","11200","N/A","121200","6386700","5141100","575400","424500","130600","13000","N/A","128500","6415100","5129200","582900","435200","133600","13500","N/A","134200","6431400","5127000","585200","448700","136100","9600","N/A","151700","6459400","5121300","600600","460900","147400","8500","N/A","145400","6487100","5116000","600500","471000","158800","12300","N/A","151300","6511800"
"Iowa","2616800","87100","145200","46800","5400","N/A","46700","2948200","2625700","75800","149200","53600","10100","N/A","49000","2963800","2622600","84300","156000","53500","4200","2500","52900","2976000","2619700","95100","162100","58900","6600","N/A","45100","2990300","2620800","100300","166400","62900","7100","N/A","42300","3002100","2625300","93200","169900","65600","9400","N/A","54000","3019800","2623500","98700","171300","73600","9000","N/A","50100","3030400","2616900","92800","180800","81000","7900","N/A","61500","3045600","2614600","102300","186400","79400","9000","N/A","60400","3056800","2610600","119200","191600","71600","8800","1000","57400","3060200"
"Kansas","2161600","149700","293300","67500","19000","N/A","69300","2761000","2162200","149400","297100","61100","16300","N/A","84600","2772200","2167400","152100","306900","66700","23900","N/A","69500","2787500","2162900","156400","311400","67100","19600","N/A","77800","2796500","2164000","151100","319600","70000","20200","N/A","85400","2810700","2155100","159100","326000","82300","17900","N/A","75700","2816600","2154300","157400","329400","74800","17600","N/A","82200","2817000","2145200","148500","335400","84300","16900","N/A","83400","2817600","2137700","150700","336500","78800","16000","N/A","91000","2814700","2128700","153300","341900","79900","17500","N/A","89100","2811200"
"Kentucky","3653400","313700","123500","48300","8100","N/A","58900","4207100","3651500","326500","125800","48300","5100","N/A","70100","4227900","3653900","322500","127100","53900","5900","N/A","69600","4235100","3664400","325700","134500","49900","7600","N/A","77200","4260900","3660900","318400","139000","52100","6200","N/A","89100","4268800","3662100","332100","139600","58800","7900","N/A","81100","4283400","3652100","342700","144300","60600","9300","N/A","77100","4287700","3655800","339300","148500","62400","5500","N/A","92600","4307100","3664300","328400","155000","63100","5600","N/A","100900","4320300","3648500","344900","160800","70400","4900","N/A","87500","4319300"
"Louisiana","2670900","1388800","187000","65100","25400","N/A","59900","4400400","2679200","1401300","188900","68900","25200","N/A","63600","4431200","2678500","1414000","199900","71400","20200","N/A","71400","4457000","2684600","1427300","207900","71700","24600","N/A","66300","4483200","2686700","1438500","212100","76400","22200","N/A","70600","4508500","2692200","1438800","220800","76900","21100","N/A","80200","4530300","2689200","1440900","220700","75800","24100","N/A","79000","4530500","2669900","1444600","234300","82400","21400","N/A","88200","4541500","2658300","1429700","229400","72900","22700","N/A","105500","4519300","2643900","1433000","235800","76600","21600","N/A","86900","4498600"
"Maine","1221200","14200","14400","14900","6800","N/A","18800","1290600","1221000","14600","14500","15100","6700","N/A","20000","1292200","1218200","10300","18900","12300","8200","N/A","24700","1292600","1215800","12400","16200","12800","7600","N/A","26800","1291900","1213700","15600","15700","13400","6200","N/A","29100","1293800","1211100","13700","19300","13800","6400","N/A","28100","1292600","1210500","20000","19400","15300","7100","N/A","21300","1293800","1218000","14600","20600","14100","8500","N/A","24400","1300200","1213400","17400","19500","17100","5100","N/A","26900","1299500","1213500","17800","21900","14500","9700","N/A","24600","1302300"
"Maryland","3078800","1623500","462200","313600","10200","N/A","131900","5622200","3077300","1643100","476500","323500","11000","1000","136300","5668600","3084300","1637300","498100","330600","12700","N/A","156900","5722700","3067400","1665700","522900","344600","13800","N/A","151400","5767500","3053700","1693500","546000","359600","9600","N/A","156000","5819300","3032100","1680700","557200","372200","9100","N/A","184700","5838300","3010100","1716500","575200","366400","9300","N/A","176900","5856500","2988800","1720600","600300","384600","11500","2500","184600","5892900","2953400","1720400","613900","374500","8900","N/A","197600","5870800","2934100","1741500","624500","373300","12400","N/A","188100","5875500"
"Massachusetts","4834300","391700","611200","336300","7100","N/A","147000","6328400","4829700","389700","628900","353100","8600","N/A","149600","6360600","4830400","405100","650300","369400","8000","N/A","146100","6410600","4828400","404300","680700","363500","8100","N/A","165300","6451500","4811900","420500","704400","392700","7800","N/A","168800","6506500","4792000","437900","729300","411200","7000","N/A","177200","6555600","4771800","440400","750600","415900","8600","N/A","181100","6570600","4746900","459100","785300","424700","9100","N/A","194800","6620600","4717100","465500","824800","444600","11000","N/A","195000","6659900","4687000","466200","824100","448000","12000","2600","210800","6650800"
"Michigan","7410900","1328700","424800","233200","48300","2500","209200","9657600","7393300","1329400","436400","234700","50500","N/A","209800","9655100","7383900","1330200","441400","231000","44800","N/A","226800","9659300","7363300","1312200","455000","258400","41400","N/A","231900","9664300","7358500","1312600","466100","270600","47400","N/A","225500","9682700","7341600","1320200","473300","280600","39400","N/A","236400","9693800","7330200","1304100","477300","281500","40700","N/A","258100","9693500","7322500","1313800","489200","299700","42800","N/A","249300","9720300","7327100","1321900","502900","315800","48200","N/A","252000","9770000","7316400","1305100","514600","315900","47100","N/A","264900","9765600"
"Minnesota","4317200","245100","241400","207400","47500","N/A","127600","5187500","4328600","258100","249600","210300","48400","N/A","126300","5222300","4332800","269200","257500","220800","52800","N/A","119400","5256300","4334600","280900","255900","235500","55400","N/A","124200","5287800","4342500","299100","269200","248600","46700","2700","121500","5330400","4350500","303500","271400","255000","48100","N/A","134900","5365600","4352400","305000","277200","261800","54200","N/A","141700","5392900","4358900","346100","285400","262800","49500","N/A","140300","5446600","4370100","356100","296100","259600","51700","N/A","152900","5489000","4361600","353700","307300","272500","50900","N/A","165900","5514800"
"Mississippi","1673000","1060100","68000","26300","13000","N/A","26800","2867200","1671900","1073100","72800","25300","10800","N/A","24700","2878500","1669200","1082700","68500","22500","11500","N/A","29600","2884500","1664000","1085700","72800","27400","10500","N/A","28500","2889200","1664000","1081800","71700","21900","10300","N/A","36500","2886800","1655400","1089000","77000","28400","10700","N/A","27700","2889300","1651000","1085900","80500","26400","12000","N/A","31400","2887300","1642100","1087600","79500","26800","11800","N/A","35300","2884500","1633600","1084700","81200","25300","12000","N/A","41300","2879400","1622400","1078300","85900","28600","11000","N/A","40700","2867100"
"Missouri","4712800","662800","204800","91100","18700","4700","107100","5802000","4719700","643900","206000","93300","19300","N/A","136700","5823500","4717300","653900","209300","97300","23300","N/A","125500","5830600","4719900","655700","220500","96400","19100","N/A","137800","5853100","4705300","668300","223300","102200","22800","4300","144100","5870200","4723300","667000","229600","110500","21900","5100","133500","5890900","4708400","666800","236700","112300","24900","7200","141700","5898000","4716400","657900","247400","119900","21800","9100","148800","5921300","4719400","670600","240400","119300","20500","8700","155600","5934500","4715000","667100","253900","122500","21200","8200","152000","5939900"
"Montana","847300","2900","26400","4600","61100","N/A","20100","962800","851200","N/A","27900","5300","64500","N/A","19600","971600","853800","N/A","29600","5600","66000","N/A","21000","978700","861800","N/A","31200","6700","63200","N/A","20700","986300","864300","4700","32900","8100","66300","N/A","17300","993700","873900","3900","35800","6100","62700","N/A","22700","1005900","879200","N/A","35600","8500","61700","N/A","27600","1015100","884600","4300","36300","6900","60100","N/A","29700","1022600","890100","3700","40500","6800","60400","N/A","32000","1034000","895200","5900","38300","7900","62900","N/A","28700","1039400"
"Nebraska","1458500","73900","163500","27200","11500","N/A","34500","1771000","1460300","73300","168200","32100","14900","N/A","33300","1782300","1463200","80500","173800","35500","13400","N/A","26900","1795100","1465800","83600","179700","32200","10900","N/A","38700","1811200","1470000","82900","184300","34600","12100","N/A","39400","1823700","1475100","88200","191300","37300","15800","N/A","30000","1838400","1475200","81500","196000","42300","12200","N/A","36700","1845000","1472600","80600","203900","47000","11800","N/A","41700","1859200","1470100","82100","206800","42800","12500","N/A","54400","1868900","1470900","89200","212200","45200","14800","N/A","40200","1873600"
"Nevada","1433600","204500","711500","192500","23200","15600","76700","2657600","1431200","204200","726600","190100","25100","16700","81800","2675800","1434800","210500","741300","202800","23800","18100","79600","2710900","1432400","216800","756500","212300","23900","17700","85800","2745400","1435800","223000","780500","216000","24200","17900","97700","2795200","1437900","229800","801900","227200","23100","15200","107500","2842700","1441300","241000","824500","240000","25100","18800","99800","2890400","1441400","257000","851600","248600","26900","18500","102600","2946600","1447500","258700","866800","241600","28700","18400","121800","2983400","1448800","279000","888400","257500","26700","17500","111900","3029700"
"New Hampshire","1175500","13800","35000","27100","2700","N/A","21400","1276000","1177800","11400","36000","29600","1600","N/A","21700","1278200","1176100","13500","38600","27900","3200","N/A","20900","1280100","1174500","10000","40100","30800","2300","N/A","23000","1280700","1174900","13900","40600","31900","N/A","N/A","23500","1286500","1175700","14600","42000","31900","1700","N/A","21500","1287600","1175900","13600","44600","32700","N/A","N/A","23100","1291300","1175300","17200","47000","35400","1100","N/A","20800","1297000","1181500","14600","49900","37000","N/A","N/A","24000","1310300","1179700","17600","51500","34800","N/A","N/A","27600","1314000"
"New Jersey","5119000","1085500","1536000","708800","12100","N/A","157200","8620400","5074800","1073400","1575400","729400","11000","N/A","173300","8638700","5044400","1078000","1616200","768100","7500","N/A","168800","8685500","5011800","1082400","1658100","782300","8900","N/A","172500","8716900","4969400","1096900","1701600","807400","10000","N/A","168900","8756200","4933200","1084500","1732200","829100","7700","N/A","187300","8776300","4883400","1090900","1756100","833200","8200","N/A","188200","8762700","4851700","1101200","1812000","865000","9100","N/A","183400","8823900","4776900","1100300","1812100","842500","8900","N/A","185600","8728300","4738500","1081400","1822900","836400","8800","N/A","209000","8699400"
"New Mexico","817900","33600","937600","22400","178000","N/A","28000","2018000","817500","31600","954900","22900","174500","N/A","34100","2036500","812200","34000","960400","25900","178400","N/A","27500","2039200","803000","33400","964500","25500","177200","N/A","35400","2040200","788200","34300","973700","30500","181300","N/A","28500","2036700","780300","33700","980800","27900","174500","N/A","36500","2035300","769600","33400","986700","30200","174600","N/A","33500","2029400","760000","32800","998200","25800","183800","N/A","36500","2038200","754700","37100","1004800","31200","181000","N/A","34500","2045300","750000","35000","1010200","32900","176600","N/A","36000","2041400"
"New York","10977600","2704600","3360400","1396000","44800","6400","370200","18860000","10958200","2709900","3419900","1409900","46800","2800","393000","18940500","10922400","2719700","3476600","1456800","42600","N/A","413700","19040100","10889900","2716400","3525400","1504300","45900","5800","431900","19119600","10836700","2744600","3585700","1561500","43700","2200","442000","19216400","10771000","2737800","3641400","1635600","40300","5900","437200","19269200","10683700","2727900","3665200","1627800","38800","6800","471300","19221500","10652400","2735300","3722400","1684600","41600","4700","474700","19315700","10508500","2684400","3665000","1618900","46200","N/A","490000","19016900","10432200","2651600","3649800","1625500","39100","N/A","507900","18908300"
"North Carolina","6042600","1926500","782500","201200","99700","3100","185600","9241100","6087000","1977200","805700","205600","102600","4000","170900","9353100","6107600","1992500","818900","219500","98300","6400","196000","9439200","6141200","2001700","839000","233400","102800","N/A","201300","9522500","6178500","2047800","865900","235200","100600","5800","199200","9632900","6213600","2063700","888700","259200","103300","N/A","203000","9733700","6255500","2069000","905300","267100","103800","5500","223800","9829900","6279300","2087600","935400","279600","106100","6200","254600","9948800","6314100","2095600","962600","294300","103700","6700","267400","10044400","6355400","2124200","987900","294400","112600","4800","260600","10139700"
"North Dakota","577700","7100","12200","7000","31500","N/A","11500","647200","582700","5000","14200","6300","35700","N/A","13000","657100","593700","10800","14700","7200","34200","N/A","8700","671900","606300","11100","15800","7000","38500","N/A","14400","693500","616200","14300","16900","7200","44400","N/A","9400","708400","626300","9800","24600","8500","35800","N/A","20300","726400","619700","18600","22500","5900","41400","N/A","17100","725900","614500","21100","24500","12200","40400","N/A","12400","726000","613100","22200","25800","14400","37500","N/A","17400","730600","614600","17900","29400","10400","38000","N/A","19100","731000"
"Ohio","9121200","1332000","341900","191100","16000","N/A","211800","11215700","9115300","1321700","349300","186300","14100","2000","235900","11224600","9073800","1333600","359300","190000","19500","3700","242100","11222100","9063000","1329300","366300","203100","12300","3400","262200","11239600","9045100","1347200","381000","211100","16200","N/A","266300","11270300","9026200","1349300","396000","224600","14700","N/A","278900","11293300","8975800","1365400","402900","225000","13100","3200","293300","11278700","8964000","1356900","420200","249700","17200","4200","311300","11323500","8947700","1376200","434900","260100","19200","N/A","314800","11355900","8918300","1380000","452300","260500","15800","N/A","321400","11351500"
"Oklahoma","2500900","246200","322400","61600","245900","N/A","255700","3635500","2507900","257900","337900","58400","247700","4.20E+03","250800","3664800","2510800","253500","346000","65800","272100","3.20E+03","238000","3689500","2521400","260100","357200","62900","286800","N/A","237700","3726900","2518200","263900","367200","73600","272900","N/A","249600","3749500","2524700","260000","383500","75200","259800","N/A","278100","3783700","2520400","260900","391400","71800","275300","7.20E+03","273800","3800800","2507400","262800","400200","78400","281500","5.30E+03","268100","3803700","2492200","267700","414200","78400","288000","1900","273600","3816100","2488200","262800","424600","78900","295000","4600","272800","3826900"
"Oregon","2954400","63200","441200","138300","41000","11300","114500","3764000","2959400","62900","457900","144800","42700","13800","112000","3793500","2975500","62700","464200","144200","39800","15300","123800","3825500","2985100","62000","473500","149900","36000","14400","130800","3851600","2996700","64200","485600","154300","33100","11900","143800","3889600","3029100","67500","499700","159600","36900","14200","141800","3948700","3064300","69800","510400","168000","37900","14500","149600","4014500","3079800","70500","529600","181500","35300","10300","155900","4063000","3091900","74300","545300","188400","39800","14200","156900","4110800","3097700","72900","553400","192000","38900","10900","163100","4128900"
"Pennsylvania","9805100","1244900","688600","337200","11300","N/A","204100","12293700","9791700","1247500","717300","342600","13500","N/A","205000","12318300","9760800","1262300","750700","349500","13000","N/A","209400","12347600","9704800","1283000","771900","364900","13200","N/A","205100","12344300","9659000","1286300","803900","385900","13700","N/A","217100","12368000","9614500","1267000","830600","407700","12800","N/A","251300","12386400","9553800","1272900","866000","404100","16600","3300","248000","12364700","9498700","1294800","906500","424000","12100","N/A","249900","12389100","9447800","1274800","939900","435300","12100","N/A","275500","12388100","9401500","1282000","960500","438000","14200","2300","279200","12377600"
"Rhode Island","771200","51600","128700","26800","N/A","N/A","28500","1009200","766700","49900","130600","29600","2900","N/A","27400","1007400","759200","48300","135700","30800","2700","N/A","31100","1007900","751900","52000","139200","29800","3800","N/A","31400","1008600","751600","54900","144300","32200","4300","N/A","26100","1013700","743500","52800","148000","33600","3300","N/A","32900","1014400","737600","56600","153300","33500","2600","N/A","28700","1013900","733300","54900","157900","35700","2800","N/A","30000","1015900","725400","57000","162700","34700","N/A","N/A","31600","1014000","717300","60300","169100","34000","2300","N/A","33900","1017100"
"South Carolina","2883300","1238700","220100","49900","10300","N/A","72700","4476500","2902500","1245000","231400","58800","12200","N/A","66900","4519500","2937500","1238900","234900","57400","13200","N/A","85500","4569100","2964300","1254800","242000","60900","13200","N/A","78300","4616200","2995500","1266700","246000","63700","12600","N/A","88000","4674300","3031800","1279000","249800","66900","13500","N/A","89400","4734000","3075500","1280800","263400","73100","12000","N/A","98300","4805300","3111700","1297600","270000","73500","12600","N/A","95700","4864600","3146900","1298200","284100","76700","14900","N/A","106000","4929800","3177000","1307200","285200","84100","14300","N/A","108300","4984200"
"South Dakota","669200","9500","19400","4600","68800","N/A","15500","787000","669800","8700","21800","7700","68000","N/A","15400","791400","672600","14900","22100","7100","69900","N/A","13400","800400","678900","13100","25900","8200","66400","N/A","19200","811600","686400","12500","27100","8400","64800","N/A","21700","821600","686800","11400","28100","9900","62100","N/A","29900","829000","691500","11200","30700","12500","72900","N/A","17000","835800","690400","17400","29800","10800","70200","N/A","18000","837000","692900","18500","32100","10900","73100","N/A","21200","848700","697500","18800","31400","11000","71500","N/A","20500","851300"
"Tennessee","4689100","1018500","280800","89300","10500","N/A","96000","6186200","4712300","1025600","288600","86000","10900","N/A","106200","6230500","4728400","1037000","298900","92000","11900","2600","106800","6277400","4741900","1051300","303200","93100","14200","2700","112300","6318700","4766200","1053600","313600","99200","15100","1700","125400","6374800","4782000","1063400","325900","100700","17900","N/A","131000","6422800","4814000","1058900","338100","114200","14300","N/A","124000","6467700","4847000","1074900","351400","116100","13400","N/A","133900","6538200","4860100","1087600","361800","113800","14700","N/A","144200","6586400","4884500","1088500","378900","120600","17200","N/A","148700","6640900"
"Texas","11107500","2764300","9339100","945800","67200","13100","347400","24584400","11185300","2800200","9596100","972100","63100","13800","375600","25006100","11265800","2874000","9756900","1027500","58600","16300","385300","25384300","11329100","2922400","9947800","1065300","58900","16500","433100","25773000","11417900","3005800","10204600","1135900","55900","15300","444600","26280100","11500100","3074800","10466100","1215700","59000","17500","444100","26777500","11555500","3124600","10671100","1264500","64000","17100","481600","27178300","11559700","3196500","10951000","1317300","69700","18400","508600","27621300","11607500","3251900","11163700","1389300","69200","19200","523100","28024000","11637100","3297200","11300500","1409700","76800","19000","545800","28286200"
"Utah","2190500","26100","353500","51700","27700","23300","51500","2724100","2215000","27400","364700","54100","27300","22800","56200","2767500","2240100","25100","369300","61900","23800","23400","58300","2801700","2267600","26900","380000","63400","28200","24300","58900","2849400","2296400","29900","386600","65900","28900","23300","60800","2891800","2326300","32400","403000","70100","30500","18100","64800","2945200","2361900","29400","413000","70500","22800","28400","73200","2999300","2392300","33000","425000","74200","27000","26600","69300","3047400","2421400","35800","438200","72800","29100","26600","82000","3105900","2452300","32600","455000","72800","31100","25800","84400","3154100"
"Vermont","566500","6900","8700","7300","N/A","N/A","9000","599500","566100","4100","7300","7800","2400","N/A","12100","599800","566700","5600","8300","9100","N/A","N/A","9000","600700","567200","6000","9000","8000","1600","N/A","10900","602700","560600","5300","8700","12000","3400","N/A","9800","6.00E+05","563900","7400","9300","8100","N/A","N/A","11200","602400","560600","5000","11100","6400","2900","N/A","13600","599600","559000","7000","10400","10300","N/A","N/A","12000","600200","557900","6600","11000","11700","2100","N/A","11300","600600","555100","6700","10600","9700","4000","N/A","11900","598100"
"Virginia","5001400","1461300","607000","424100","13400","2200","194500","7703800","5025800","1471200","624900","440600","17900","4500","198900","7783700","5047300","1470000","658500","463400","14500","4000","207900","7865500","5067700","1479900","680500","471600","12900","5200","228000","7945700","5052100","1496200","707400","498800","15600","3100","232800","8006000","5053300","1492500","722700","514300","15000","3000","250500","8051200","5035700","1495100","732600","519200","17600","5500","275100","8080900","5039200","1507600","758500","533400","18100","3200","280700","8140700","5034100","1519400","779900","536700","16100","4500","291400","8182100","5017100","1543100","787100","551900","13600","3900","268300","8185100"
"Washington","4778300","214600","738600","472400","82600","35700","253800","6575900","4795000","216600","769000","492000","78500","36300","267000","6654400","4827200","231100","787000","487500","77900","37300","285000","6732900","4827300","230900","810500","525000","78200","39800","285900","6797800","4844800","226300","837800","539100","75100","44000","320600","6887600","4892000","242200","863700","554600","77500","45800","327000","7002800","4949000","244000","885900","577700","77300","44800","345500","7124100","4976100","246900","916000","617900","68600","42200","372200","7239800","5006200","268700","949700","648800","77900","48100","368600","7368000","5013200","282700","964700","662400","82400","47400","371100","7423900"
"West Virginia","1683100","49500","20200","10300","N/A","N/A","33600","1799000","1686800","51700","18500","10100","2700","N/A","32200","1802200","1680700","55200","21500","11100","N/A","N/A","31100","1801800","1676500","53600","21900","10000","N/A","N/A","33800","1798200","1665200","62000","21100","10700","3400","N/A","29000","1791600","1662300","61000","24000","14900","N/A","N/A","27400","1791500","1646900","61100","24300","13600","2400","N/A","33000","1781700","1631600","64300","20400","14200","2000","N/A","28800","1762100","1620000","63300","22500","13100","1600","N/A","31300","1752300","1609000","55900","24800","14200","3900","N/A","31200","1739000"
"Wisconsin","4622200","330300","325800","124200","43600","1000","86300","5533400","4623500","329100","333100","129100","41600","N/A","91800","5549900","4625000","322100","343400","135700","46400","N/A","93100","5566100","4620800","332800","354300","135800","44100","N/A","103000","5592500","4618400","330700","359100","147000","41500","N/A","105300","5603600","4613000","338600","369600","148700","46100","N/A","104300","5620900","4605200","334800","375000","154200","45800","N/A","107000","5623300","4600500","328100","382000","166800","43500","N/A","120600","5643000","4598500","349400","393600","159500","43800","1900","116200","5662800","4602500","349200","401700","169100","37400","N/A","114100","5677100"
"Wyoming","472000","4100","48800","3700","11400","N/A","8200","548400","473500","4400","49500","4300","9700","N/A","10000","551600","474000","4300","53100","5200","9300","N/A","13000","559000","482300","7200","49700","4600","10200","N/A","13000","567300","479100","6000","55200","5400","10900","N/A","10600","568500","479400","4500","56200","4300","10800","N/A","13500","568900","482500","4000","54700","5200","12800","N/A","9900","569400","474400","5300","56100","4200","12100","N/A","11200","563300","471600","2700","56000","6000","12900","N/A","11100","560300","471600","5400","57100","3400","12300","N/A","12000","562700"
"Puerto Rico","27600","4000","3645000","N/A","N/A","N/A","5200","3684000","25600","N/A","3637000","N/A","N/A","N/A","5200","3671700","22900","N/A","3601200","N/A","N/A","N/A","6100","3634000","21500","2100","3550700","N/A","N/A","N/A","6300","3582000","22300","3000","3481500","N/A","N/A","N/A","4400","3514000","26500","3500","3406000","N/A","N/A","N/A","3900","3443200","35300","2100","3335300","N/A","N/A","N/A","4300","3379100","23000","N/A","3274500","N/A","N/A","N/A","N/A","3304800","30000","4100","3124000","N/A","N/A","N/A","4600","3164400","42600","3100","3106600","N/A","N/A","N/A","9100","3164500"

"Notes"
"Population and demographic data on are based on analysis of the Census Bureau’s American Community Survey (ACS) and may differ from other population estimates published yearly by the Census Bureau. U.S. and state population data displayed on this site are restricted to the civilian, non-institutionalized population for whom ACS collects and reports poverty information. "
""
"Population numbers are rounded to the nearest 100."

"Sources"
"KFF estimates based on the 2008-2019 American Community Survey, 1-Year Estimates."

"Definitions"
"*N/A*: Estimates with relative standard errors greater than 30% are not provided."
""
"Persons of Hispanic origin may be of any race; all other racial/ethnic groups are non-Hispanic."


Footnotes
"1. US total excludes Puerto Rico."
